QuaternionX,QuaternionY,QuaternionZ,QuaternionW,AttitudePitch,AttitudeRoll,AttitudeYaw,GravitationalAccelerationX,GravitationalAccelerationY,GravitationalAccelerationZ,AccelerationX,AccelerationY,AccelerationZ,RotationX,RotationY,RotationZ
-0.21161517223543924,-0.024881963964838515,-3.6505422652043386e-17,0.9770364375197642,-0.4263073417433098,-0.05342599166806132,-0.011566226523820444,-0.04862115532159805,0.41351133584976196,-0.9091998338699341,0.008059944957494736,-0.003558591241016984,0.000758301408495754,-0.05543620139360428,0.0018898975104093552,-0.0030572335235774517
-0.21246459008543267,-0.024597706977684635,-2.4210645314802927e-05,0.9768592487458984,-0.4280470112406907,-0.05285867997875759,-0.011541073991838869,-0.04806726798415184,0.41509467363357544,-0.9085075259208679,0.005729173310101032,-0.004904735367745161,0.005380599293857813,-0.05693122372031212,0.006849747151136398,0.00341032724827528
-0.21338794252153373,-0.024145796497963563,4.9879838191537e-05,0.9766692510931685,-0.429945532596353,-0.05188711189481741,-0.01122965386170424,-0.047143612056970596,0.416821151971817,-0.9077651500701904,0.007461783476173878,-0.004765833728015423,0.007738954853266478,-0.060975924134254456,0.014137724414467812,0.005143836140632629
-0.2146319213545987,-0.023677413164435116,9.388645884771842e-05,0.9764080011054965,-0.43249910219910453,-0.0509045180655128,-0.010992932327003314,-0.0461973138153553,0.4191409647464752,-0.9067450761795044,0.0060148946940898895,-0.002050324808806181,0.009450763463973999,-0.0838996022939682,0.014876412227749825,0.005766392685472965
-0.21630426534224617,-0.02337514938142698,0.00022816696369308277,0.976046242239037,-0.43593329789198637,-0.050250525715437824,-0.010664447029658812,-0.045531731098890305,0.4222564697265625,-0.9053322076797485,0.003776376135647297,-0.0012478504795581102,0.01185683161020279,-0.0980028361082077,-0.0006521623581647873,0.007337050512433052
-0.21827236489160906,-0.023188306756844728,0.00033252062293823674,0.9756124356769128,-0.43997173079563384,-0.04986842164738624,-0.010471334569474624,-0.04510042816400528,0.4259137511253357,-0.903639018535614,0.006365224719047546,-0.002228874247521162,0.0011162799783051014,-0.11187176406383514,0.011511225253343582,0.003060758113861084
-0.22051973409957237,-0.022626694153330584,0.00017727775476414877,0.9751200923103233,-0.4445752630258091,-0.04881160718770939,-0.010671005630642615,-0.04404928907752037,0.4300743341445923,-0.9017181992530823,0.004628595896065235,0.004269524943083525,0.0060531990602612495,-0.1187015101313591,0.02559022419154644,-0.0016472432762384415
-0.22258437321328506,-0.022279567009986512,0.000230887843645874,0.9746588658205682,-0.44881472751711954,-0.048108451367337046,-0.010509063679060567,-0.04332715645432472,0.43389782309532166,-0.8999196887016296,0.005699719302356243,0.0061126286163926125,0.00960591621696949,-0.10272771120071411,-0.0004330035299062729,0.010795354843139648
-0.22411857652053524,-0.022233533649579675,0.00038418516747560326,0.9743082536135814,-0.4519696349942157,-0.04798747823407025,-0.01024626923583156,-0.04315241053700447,0.43673810362815857,-0.8985531330108643,0.004542570561170578,0.0050452472642064095,0.008092616684734821,-0.06258408725261688,-0.0013857074081897736,0.007239598780870438
-0.22484240119997456,-0.022333447032324812,0.0013609542835988175,0.9741383383122164,-0.45350174365143875,-0.0477418540610406,-0.008222747372299114,-0.0428997203707695,0.4381158649921417,-0.8978942632675171,-0.00741337426006794,0.07012008130550385,0.026792490854859352,0.01229797676205635,-0.08675297349691391,0.15135698020458221
-0.22339287517162634,-0.021984487970841095,0.007476776475456585,0.9744519967419385,-0.45081584300468414,-0.04390421742098278,0.005276333712954901,-0.03950512781739235,0.4356998801231384,-0.8992246389389038,0.0017898119986057281,0.06817445904016495,0.00033110822550952435,0.16903243958950043,-0.008210152387619019,0.4311116635799408
-0.21837637708769525,-0.021197282452615464,0.021275891569892187,0.9754024435047041,-0.4410748440690102,-0.03545992897868706,0.03566760777374812,-0.0320594497025013,0.4269115626811981,-0.9037249088287354,0.014644809067249298,0.1222035363316536,-0.0009725629352033138,0.4803817868232727,-0.15796507894992828,0.9641510248184204
-0.20578275808285112,-0.017381711492852996,0.047459838785935404,0.9772917400278321,-0.4157426670596797,-0.015786521645988025,0.09371927757884041,-0.014441169798374176,0.4038693308830261,-0.9147027134895325,0.016051601618528366,0.1084577664732933,-0.012519171461462975,0.8041123151779175,-0.07717007398605347,1.5998735427856445
-0.1897185504156465,-0.008056307775787287,0.07493723426931942,0.9789415585069541,-0.38186758500313367,0.013643810221038643,0.15543775005535365,0.012660653330385685,0.3726540505886078,-0.9278839826583862,-0.023948684334754944,-0.4018764793872833,-0.0618533194065094,0.8113065361976624,0.5377928018569946,0.681670069694519
-0.17774361088725693,0.0005205158482070745,0.05225147039733946,0.9826886619749395,-0.35680138948068335,0.020916515550206773,0.11001562814955726,0.0195977371186018,0.3492787480354309,-0.9368138909339905,-0.2709777057170868,-0.7239712476730347,0.08764977008104324,0.3486431837081909,0.22598522901535034,-3.0677649974823
-0.17988695679304548,-0.011148748318226775,-0.04760384087866884,0.982471643899166,-0.36014103270414405,-0.04172113413451002,-0.10442666600976744,-0.039033256471157074,0.3524061143398285,-0.9350327849388123,-0.4013274908065796,-0.5258217453956604,-0.005375813692808151,-0.603965163230896,0.4093322157859802,-6.670814514160156
-0.1934542782622396,-0.027367443550369023,-0.20011118507098513,0.9600949051777621,-0.3688208968830373,-0.1398009433188638,-0.4370914768497927,-0.129975363612175,0.3605157732963562,-0.9236529469490051,-0.48369187116622925,-0.048310235142707825,0.09009397029876709,-1.2972489595413208,0.5940388441085815,-8.25734806060791
-0.2166008018562945,-0.0409375841676728,-0.35206210804143545,0.9096486400538148,-0.3738864176402916,-0.24632031491871892,-0.7853731984019334,-0.2269914150238037,0.3652360141277313,-0.9028164744377136,-0.34807679057121277,0.5062629580497742,0.28656068444252014,-1.9518905878067017,0.13038748502731323,-7.124731063842773
-0.24652462972233785,-0.06006153253544903,-0.4501370225595916,0.8561513374704693,-0.37691410257433716,-0.3568267075927569,-1.0368563937852022,-0.3247831463813782,0.3680528700351715,-0.8712365031242371,0.03392037749290466,0.7566409707069397,0.11531766504049301,-1.3576631546020508,-0.7457738518714905,-3.8063647747039795
-0.2616705060681023,-0.07337914194266128,-0.4770281515019182,0.8358159859243258,-0.3762215865976381,-0.4118541564447802,-1.1167306759435833,-0.37231120467185974,0.3674088716506958,-0.8522881269454956,0.19362512230873108,0.7829971313476562,-0.03106265887618065,-0.002155393362045288,-0.4582446813583374,0.3173011541366577
-0.2605089068998939,-0.07440555841703443,-0.43917389230431797,0.8565776968003674,-0.39081088133131425,-0.39557642665113946,-1.0268164937221929,-0.35628560185432434,0.38093820214271545,-0.8531979322433472,0.03715643286705017,0.6130313277244568,0.04335293173789978,0.8093959093093872,-0.5076078176498413,3.6286919116973877
-0.2549786041551734,-0.06770742141476233,-0.35255199271655985,0.8978357123249623,-0.42258236602204763,-0.3367633860184947,-0.8212323786662215,-0.3013666272163391,0.41011691093444824,-0.8608033061027527,-0.1511741280555725,0.27546316385269165,-0.023240484297275543,1.0778480768203735,-0.48616164922714233,5.406011581420898
-0.24268960231775658,-0.05628231526867991,-0.2386136013801713,0.9386147828774603,-0.4430806302866741,-0.24766957110022342,-0.5539475419285623,-0.221472829580307,0.4287245273590088,-0.8758681416511536,-0.29886534810066223,0.2778283357620239,0.12394493818283081,1.4708776473999023,-0.7839676737785339,6.481394290924072
-0.22054755048875146,-0.04609715875784852,-0.10059757414727084,0.969079061911364,-0.43144244564064566,-0.1477430343816782,-0.23930512543599528,-0.1337166428565979,0.4181813895702362,-0.8984677195549011,-0.40236756205558777,0.2167782485485077,0.11380784958600998,1.8963875770568848,-0.8766019344329834,7.326727867126465
-0.1879673680615455,-0.033087667139706636,0.05141631767358602,0.9802703227670421,-0.38107671044543906,-0.04907956020999867,0.09533808613710743,-0.04554053023457527,0.37192004919052124,-0.9271469712257385,-0.44791311025619507,0.07885146886110306,0.08017738908529282,1.9707939624786377,-0.7211389541625977,7.559722900390625
-0.1537741283562138,-0.014853172738485894,0.19580136466841538,0.968398127027619,-0.308516693460356,0.033015331346759345,0.4041369715008154,0.031450774520635605,0.3036455810070038,-0.9522658586502075,-0.3877858817577362,-0.3140568137168884,-0.024561773985624313,1.7096198797225952,-0.18339502811431885,6.60626220703125
-0.13242117856349644,0.009347331569637515,0.28632869655019505,0.948890556075614,-0.24850338411303907,0.09668718008313608,0.5982100324991121,0.09357111155986786,0.2459535002708435,-0.9647545218467712,-0.29645130038261414,-0.9042124152183533,0.03448640927672386,0.6312663555145264,0.4908498227596283,2.380042552947998
-0.13314944211779517,0.014870350845313516,0.2783554045683912,0.9510880737574803,-0.2475147496944331,0.10582836699334375,0.5826144618041397,0.10241171717643738,0.2449951022863388,-0.9641002416610718,-0.3532484173774719,-0.9386887550354004,0.1041245087981224,-0.461749792098999,-0.03698223829269409,-3.098254919052124
-0.14967578621288224,-0.005834195173047803,0.18055679502337993,0.9720918649554627,-0.2974718548175327,0.04468392100074844,0.3739919898194862,0.04270718991756439,0.2931039333343506,-0.9551262855529785,-0.384939968585968,-0.5166288614273071,-0.06850425899028778,-1.1714937686920166,0.23504894971847534,-6.509686470031738
-0.17109793159404163,-0.020076700417264025,0.0321954746533278,0.9845233102060852,-0.34499562683207535,-0.030304818272002185,0.06009951497882938,-0.028514793142676353,0.3381924331188202,-0.9406448602676392,-0.5281238555908203,-0.24120527505874634,-0.005818061530590057,-1.0746240615844727,0.9700669050216675,-8.189908981323242
-0.18881423695967764,-0.02900876876354324,-0.1414054432596048,0.9713457267411496,-0.36677179466133375,-0.11784622618176392,-0.3110041377757647,-0.10975376516580582,0.35860368609428406,-0.9270153641700745,-0.582230269908905,0.1205437034368515,0.13394039869308472,-1.4037539958953857,1.1008094549179077,-8.77912712097168
-0.21073583325324977,-0.039025470044765434,-0.3059130070800725,0.9276232363419703,-0.3758787955688959,-0.21817338069285824,-0.6787535936176854,-0.20133545994758606,0.36709001660346985,-0.9081348776817322,-0.4545140266418457,0.3978971242904663,0.27044835686683655,-1.828338384628296,0.44990408420562744,-7.801261901855469
-0.2336841779916936,-0.0564097280505884,-0.426755059411352,0.8718313882572595,-0.367539265014098,-0.3248052904379085,-0.9713011311159744,-0.29781123995780945,0.3593200445175171,-0.884419322013855,-0.13030794262886047,0.6886426210403442,0.14454205334186554,-1.2343988418579102,-0.34482455253601074,-5.23962926864624
-0.24549474148750383,-0.07018442207644403,-0.47788334654697234,0.8404964346546865,-0.3528727554437496,-0.3852260616307648,-1.103497620499212,-0.352615088224411,0.3455949127674103,-0.869612991809845,0.20849844813346863,0.9557287693023682,-0.01617318019270897,-0.047618672251701355,-0.26583391427993774,-0.6659225821495056
-0.2420485311843193,-0.07183027041214901,-0.4522047883357906,0.8554320719905345,-0.35666191007339393,-0.37337282742785405,-1.0406383532860357,-0.3418027460575104,0.34914809465408325,-0.8725059032440186,0.10949492454528809,0.6932048201560974,0.0720236599445343,0.8558691740036011,-0.37876442074775696,3.226253032684326
-0.2342045848623853,-0.06887688640831599,-0.37057785865187354,0.8961453311633214,-0.3776253716940082,-0.32524779724530084,-0.8469058147700621,-0.29702937602996826,0.3687140941619873,-0.880808413028717,-0.13155488669872284,0.34432828426361084,0.03229162469506264,1.2154946327209473,-0.5920330286026001,5.3426642417907715
-0.2220660142006276,-0.06303642279062285,-0.25452175848879693,0.9391123769130267,-0.3952095588977606,-0.25347358029702627,-0.5803439775211239,-0.23143775761127472,0.3850014805793762,-0.893426239490509,-0.27931153774261475,0.2626400291919708,0.08378475904464722,1.4901423454284668,-0.8204642534255981,6.633569717407227
-0.2013169541410693,-0.05413562772411362,-0.1136718246779517,0.9714009197117691,-0.38851181370768395,-0.16382988337357202,-0.2652782229094911,-0.1509428769350052,0.37881144881248474,-0.913081705570221,-0.4022720456123352,0.196333646774292,0.12626448273658752,1.8601007461547852,-0.7837060689926147,7.491875171661377
-0.1722251703851986,-0.04248847168379067,0.04155737856314037,0.9832631993233656,-0.3492750967391227,-0.07375639935613684,0.07146034667031467,-0.06924023479223251,0.3422166407108307,-0.9370664954185486,-0.45494332909584045,0.07334443181753159,0.09132795035839081,1.86161208152771,-0.6729542016983032,7.71635627746582
-0.13988762912271394,-0.026184295775867075,0.192551867128687,0.9709118663458447,-0.2855870667106813,0.0031537025906247123,0.39201405935339306,0.003025940852239728,0.28172066807746887,-0.9594916701316833,-0.4229426681995392,-0.12917514145374298,0.054674334824085236,1.8297035694122314,-0.48935598134994507,7.22431755065918
-0.11139584412708872,-0.0031218016419106913,0.31160176832831427,0.9436554939580576,-0.21380942986562246,0.06505666891109553,0.6448526636008072,0.06353043019771576,0.21218402683734894,-0.9751624464988708,-0.30444440245628357,-0.62440025806427,-0.02505166456103325,1.1499767303466797,0.4205050468444824,4.676064968109131
-0.10476287531976423,0.012112376261834442,0.35239031692547657,0.9298920917428228,-0.18739462776310054,0.09823623926751411,0.7337118610727147,0.0963611975312233,0.18629968166351318,-0.9777560830116272,-0.24443279206752777,-0.9308531284332275,0.09731687605381012,-0.17880794405937195,0.3000538647174835,-0.4265610873699188
-0.11913666217517985,0.00011044955536588276,0.29970170325092443,0.946565132685212,-0.22743058123604837,0.07357942878367754,0.6216755218981971,0.07161997258663177,0.22547492384910583,-0.9716129302978516,-0.28925520181655884,-0.5978910326957703,0.03097277134656906,-1.2830970287322998,-0.19662237167358398,-4.677989482879639
-0.14691315709334327,-0.017277471456920823,0.1911353462322108,0.9703533060946548,-0.2960245681647628,0.023661383983859738,0.3924986837317456,0.02263006754219532,0.29171988368034363,-0.9562360644340515,-0.34293681383132935,-0.3399576246738434,-0.009077250957489014,-1.4199790954589844,0.6260627508163452,-6.405157566070557
-0.17070514249863625,-0.028850549168594485,0.0488827270276274,0.9836859685753118,-0.34549353946836114,-0.04260012542600898,0.09187097876794781,-0.04007069021463394,0.33866098523139954,-0.9400548338890076,-0.482114315032959,-0.17919529974460602,0.08289481699466705,-1.232041358947754,0.7134467363357544,-7.768798828125
-0.18909037581493432,-0.04086466358064736,-0.11376652751632912,0.9744907786960889,-0.3674486812571228,-0.13182448153579152,-0.2569669568730621,-0.12266874313354492,0.3592354655265808,-0.9251498579978943,-0.5165082812309265,0.04084545373916626,0.09641628712415695,-1.2948863506317139,0.9668180346488953,-8.208250999450684
-0.2042739582338131,-0.048918721552195295,-0.2724117913799228,0.9389733542766362,-0.3650152441607799,-0.2192406690154018,-0.6053506656935015,-0.20315994322299957,0.3569634258747101,-0.9117582440376282,-0.4736732840538025,0.22418725490570068,0.2122613936662674,-1.3402353525161743,0.7284420728683472,-7.7079877853393555
-0.21620335744264974,-0.06280295534632732,-0.4027834633512164,0.8871738783328809,-0.3395130291068573,-0.3077241336257267,-0.9055164669755289,-0.2856004536151886,0.3330278694629669,-0.8986238241195679,-0.2799909710884094,0.5385110974311829,0.1481032371520996,-0.955875039100647,0.13378340005874634,-5.9439496994018555
-0.22280807309517506,-0.07849218691372789,-0.47721392712780686,0.846441171152122,-0.3070760106703953,-0.3709370950513241,-1.084791700815266,-0.3455321490764618,0.30227264761924744,-0.8883911371231079,0.1035519689321518,0.8170070648193359,-0.005712432786822319,-0.2796303629875183,-0.283804714679718,-2.4168405532836914
-0.2207217396586245,-0.08401553922575977,-0.48233833477677573,0.8435480356987449,-0.29561784423250137,-0.37981605983077643,-1.0960748360153592,-0.3546672761440277,0.29133087396621704,-0.8884466290473938,0.18344050645828247,0.7854912281036377,0.026011653244495392,0.5928589701652527,-0.13733240962028503,1.6437739133834839
-0.21313504658320442,-0.08248200880525935,-0.42404332153799396,0.8763319176995317,-0.30847103762329625,-0.3484447063458144,-0.9560585173295721,-0.32532012462615967,0.3036021292209625,-0.8955404162406921,-0.020578324794769287,0.4803325831890106,0.04182369261980057,1.1017223596572876,-0.4500601291656494,4.61236047744751
-0.2012146306820537,-0.07753446183772142,-0.3219137745231059,0.9218853863980572,-0.3268641916566735,-0.29186402385288057,-0.7203716261185826,-0.27250319719314575,0.3210747241973877,-0.9070022106170654,-0.22169455885887146,0.32369887828826904,0.09245061874389648,1.505040168762207,-0.4960257411003113,6.239573001861572
-0.1836098160030064,-0.0713569874622319,-0.18753783171625066,0.962302094889044,-0.3327167096016917,-0.2199348859946234,-0.422018848243453,-0.2062014639377594,0.32661184668540955,-0.9223912954330444,-0.35209015011787415,0.2576567530632019,0.11207041144371033,1.7412008047103882,-0.6398853659629822,7.428414344787598
-0.16084819431967323,-0.06090439838694436,-0.030785418358583637,0.9846171653622388,-0.3183478487445086,-0.13713706476692358,-0.08456096986550608,-0.12983855605125427,0.3129977285861969,-0.9408370852470398,-0.47960513830184937,0.1643790602684021,0.15058836340904236,1.7173562049865723,-0.6522300243377686,8.05403995513916
-0.1370087190892423,-0.04732874602511643,0.13081407973838988,0.9807530260713271,-0.2849671897474272,-0.05942019693739142,0.2566706927200011,-0.056990284472703934,0.28112584352493286,-0.9579772353172302,-0.46870115399360657,-0.06111791729927063,0.05678533762693405,1.4980123043060303,-0.4287610650062561,7.837271213531494
-0.11549072141988045,-0.02858645483941744,0.2703491349989874,0.9553827784227151,-0.23838369614044377,0.008051390486079134,0.5524943158488032,0.007823588326573372,0.23613223433494568,-0.9716894626617432,-0.3875669240951538,-0.28216585516929626,0.04982711002230644,1.0676100254058838,-0.22765713930130005,6.315444469451904
-0.10680048169324735,-0.010581221729263339,0.3645247723144789,0.9249884326233421,-0.20676272212871663,0.05959160288141982,0.7569797067598297,0.05828777700662613,0.20529256761074066,-0.9769634008407593,-0.2520645558834076,-0.7546858787536621,-0.009760565124452114,0.2068488895893097,0.5386170148849487,3.2090694904327393
-0.11589434206780641,-0.007643399285551872,0.3788185903380195,0.9181540179653046,-0.22038838971451893,0.07567095855230163,0.7909967228513911,0.07377017289400101,0.2186085432767868,-0.9730201959609985,-0.23816025257110596,-0.7295724153518677,0.09864649176597595,-1.0633740425109863,-0.10615158081054688,-1.4802899360656738
-0.1421775902776893,-0.028724392778509668,0.3214007461459454,0.9357682228806565,-0.2885418147648515,0.03926616123222918,0.6673822464883543,0.037633176892995834,0.28455451130867004,-0.9579209089279175,-0.20880131423473358,-0.3987356126308441,-0.00023460015654563904,-1.8463091850280762,0.04072391986846924,-4.245843410491943
-0.17383947109378134,-0.05098734429096882,0.22598456517852938,0.9571370021132217,-0.36379250641839755,-0.02036799065538271,0.4599708880220674,-0.01903369650244713,0.35582098364830017,-0.9343602657318115,-0.2578062415122986,-0.29279249906539917,0.024271048605442047,-1.7270426750183105,0.32485610246658325,-5.626426696777344
-0.2008395434275707,-0.06937044741668028,0.1044825956616156,0.9715631304242811,-0.41670826210102774,-0.10168916196891778,0.19274099781996498,-0.09282705932855606,0.4047524631023407,-0.909702479839325,-0.30381685495376587,-0.020098358392715454,0.07759813964366913,-1.687754511833191,0.6697784066200256,-6.274089336395264
-0.22381041528758452,-0.08498547565913758,-0.02073337898711112,0.9706990357316172,-0.44557968350551563,-0.19434934708546092,-0.08687385485150013,-0.17427130043506622,0.430980920791626,-0.8853727579116821,-0.23923107981681824,0.25832599401474,0.12172025442123413,-1.6038762331008911,0.516167163848877,-5.791264533996582
-0.24069059861736025,-0.09915275010653946,-0.12183233881750975,0.9578068361720323,-0.45216077261584486,-0.2800032653016102,-0.31784546403477465,-0.24858610332012177,0.43691006302833557,-0.8644735813140869,-0.10239452868700027,0.44078582525253296,0.1184140294790268,-1.1750140190124512,0.15546351671218872,-4.136783123016357
-0.24994965179018946,-0.11063541675131291,-0.17659871675880215,0.9455676260017188,-0.4484978668776998,-0.33647436744174986,-0.44671368055851446,-0.29750803112983704,0.4336123466491699,-0.850570023059845,0.09910890460014343,0.5151551365852356,0.04484992101788521,-0.37212860584259033,-0.17613226175308228,-1.4591178894042969
-0.25122736393630907,-0.11478923812121562,-0.1787943173893304,0.9443204359610359,-0.4482964429971745,-0.3471861449813719,-0.45415644226516083,-0.3066316246986389,0.43343082070350647,-0.8474165201187134,0.08926692605018616,0.5209406614303589,0.06467996537685394,0.2878513038158417,-0.3131880760192871,1.130105972290039
-0.24882158966476597,-0.11336785711569862,-0.13295188128009644,0.9526591742017707,-0.45999028356282406,-0.32034677330827677,-0.3529437052139143,-0.28216439485549927,0.4439392685890198,-0.8504711389541626,0.00707659125328064,0.32475173473358154,0.010046372190117836,0.5954115390777588,-0.4238218069076538,3.162261486053467
-0.24464469355130755,-0.10671613073859088,-0.057151884195247325,0.962026256451207,-0.4763191748590299,-0.2656243629275927,-0.18352010423192838,-0.23329120874404907,0.4585110545158386,-0.8575213551521301,-0.11363030970096588,0.18310442566871643,0.0686524361371994,0.7988105416297913,-0.754634439945221,4.224430084228516
-0.23672104112182302,-0.0986726904967873,0.0349990729835785,0.9659202982751509,-0.48274724550904724,-0.19779315773672054,0.023595148585081823,-0.17404985427856445,0.4642140865325928,-0.8684537410736084,-0.1641802042722702,0.04546673968434334,0.03423329442739487,0.9603851437568665,-0.6490067839622498,4.650272369384766
-0.2262157300599702,-0.08776156508229742,0.12601603826816926,0.9618962918221359,-0.47496899369843776,-0.12607368813412076,0.22997763687958153,-0.11182142049074173,0.4573107361793518,-0.8822487592697144,-0.1941848248243332,-0.10808885842561722,0.012346850708127022,0.8743654489517212,-0.5312366485595703,4.167896270751953
-0.216738866416196,-0.07683462771271528,0.1980507901568311,0.952836154862792,-0.4594637930948298,-0.06763121908115656,0.3940499617846968,-0.06057102978229523,0.4434674382209778,-0.894241452217102,-0.1587073802947998,-0.429874449968338,-0.05501773580908775,0.5841236114501953,-0.12141749262809753,2.6941752433776855
-0.21018349454606236,-0.07184966306345564,0.22243565835458157,0.9493065939581735,-0.44562398152037824,-0.04757209987042939,0.44954272170309506,-0.0429101288318634,0.4310208857059479,-0.9013211131095886,-0.20666375756263733,-0.4817712903022766,-0.04665328934788704,0.18022283911705017,-0.08469215035438538,-0.1322685182094574
-0.21045609352282968,-0.07331018374388608,0.20067915782699922,0.9539715821223376,-0.44555849521440294,-0.06143624134877551,0.40075546941101053,-0.05540337413549423,0.4309617877006531,-0.9006677269935608,-0.12659990787506104,-0.3032722473144531,-0.12286131829023361,-0.2522437572479248,0.4359961748123169,-1.9132215976715088
-0.21500256322656494,-0.0715789939459739,0.14994023549473698,0.9623765080948187,-0.450362563175484,-0.08150493860555755,0.2904391565277869,-0.07329682260751724,0.4352918565273285,-0.8973007202148438,-0.1234799399971962,-0.19033342599868774,-0.034753818064928055,-0.28412264585494995,0.8091210722923279,-2.959933280944824
-0.2176756516007852,-0.07225087151052721,0.08169448427884238,0.9699089037520734,-0.448990266149627,-0.11635669406014382,0.14146358266345768,-0.10458771884441376,0.43405598402023315,-0.8947942852973938,-0.11125565320253372,-0.1101737767457962,0.007753163576126099,-0.3371305465698242,0.7538524866104126,-3.724879503250122
-0.21951961115201435,-0.07687908131917845,-0.0027971602422875662,0.9725704259329397,-0.44069313442121627,-0.16747722969067563,-0.04334767982538417,-0.1507686823606491,0.42656636238098145,-0.8918015360832214,-0.16505226492881775,-0.1262495070695877,0.031238658353686333,-0.43000519275665283,0.6606126427650452,-4.601451873779297
-0.21942780388263255,-0.08251339029612376,-0.10370430163431364,0.9665860322792754,-0.41925239971480766,-0.22639277069064181,-0.26212365296547646,-0.20502375066280365,0.4070775806903839,-0.8900859951972961,-0.25080668926239014,-0.08656582981348038,0.03731103613972664,-0.435025691986084,0.9032813310623169,-5.356117248535156
-0.21600158399224634,-0.08525589582069314,-0.21250879221107366,0.9491654188712382,-0.38311042588256516,-0.27700227031929064,-0.49456862460622186,-0.2536483108997345,0.3738071024417877,-0.8921495676040649,-0.26714184880256653,0.04310235381126404,0.0724077969789505,-0.4314640760421753,1.0468132495880127,-5.376893043518066
-0.2099834057271624,-0.08467483126570892,-0.31420052494048994,0.9219627794290837,-0.34052714680311635,-0.3106084117776129,-0.7107253162376228,-0.28808778524398804,0.3339839279651642,-0.8974743485450745,-0.17273545265197754,0.30343306064605713,0.07182882726192474,-0.5179587602615356,1.1199133396148682,-4.677922248840332
-0.2057360503113884,-0.07837038167791185,-0.3904844553612163,0.8938975390487529,-0.31162845803375744,-0.3215144733245041,-0.8746365215690026,-0.30078354477882385,0.30660897493362427,-0.90306156873703,-0.02298302948474884,0.49541550874710083,0.09163212031126022,-0.5037466883659363,0.8599477410316467,-2.957667112350464
-0.20296164171734557,-0.06958983069196405,-0.42556956906749366,0.8791215491773341,-0.3022042392888854,-0.31425974075646107,-0.9499081622372673,-0.29510432481765747,0.29762521386146545,-0.9079276919364929,0.15164220333099365,0.5285604596138,-0.006665615364909172,-0.10735222697257996,0.7321857810020447,-0.5692098140716553
-0.19616175756637266,-0.05711944432182697,-0.4176127994583937,0.885357416468403,-0.30431415312728116,-0.2814439884537633,-0.9249235487359295,-0.2649814784526825,0.2996388375759125,-0.9165158867835999,0.12012508511543274,0.44847339391708374,0.043042540550231934,0.32836419343948364,0.441813200712204,1.6770042181015015
-0.18657773659282645,-0.047959171500507373,-0.3740931852916056,0.9071621760126306,-0.3074509819811024,-0.2400562926461932,-0.8196333399085934,-0.22660832107067108,0.3026300370693207,-0.9257773756980896,0.018793076276779175,0.23247095942497253,0.06995721906423569,0.7798863649368286,0.027339935302734375,3.0470693111419678
-0.17522324056297978,-0.0459764954194457,-0.3061662579376595,0.9345830323897164,-0.30403065962412257,-0.20393125310704663,-0.6645053441460276,-0.19323252141475677,0.29936835169792175,-0.93436598777771,-0.04452541470527649,0.1814984381198883,0.06609917432069778,1.036210060119629,-0.46538615226745605,4.130035877227783
-0.1586989544226851,-0.04622494140977928,-0.21894043989447826,0.9616356834467373,-0.2889857058112418,-0.16600799387931617,-0.4719280777333282,-0.15839427709579468,0.28498002886772156,-0.9453558325767517,-0.1410064548254013,0.09124073386192322,0.10711556673049927,1.3252193927764893,-0.5191687941551208,4.706994533538818
-0.14173456403719603,-0.0494454070979457,-0.11920034533983716,0.9814570771184608,-0.26968201932617797,-0.13617388608073272,-0.2602230338866719,-0.13084666430950165,0.26642486453056335,-0.9549329876899719,-0.18728391826152802,-0.01911262795329094,0.10879312455654144,1.129502773284912,-0.7833852171897888,5.0442705154418945
-0.12801528439876844,-0.05792543758989293,-0.018664062437138376,0.9899033486758975,-0.25400583736691557,-0.12373533664923936,-0.053524045115164134,-0.11945971101522446,0.2512831687927246,-0.9605134725570679,-0.2253103107213974,-0.1000424325466156,0.12815192341804504,0.8829730749130249,-1.2363202571868896,4.696445465087891
-0.11814349051713938,-0.06886065163829005,0.06964236263611212,0.988155100129525,-0.2455392358759399,-0.12364847994386924,0.12544549268752433,-0.11963441222906113,0.2430793195962906,-0.9626006484031677,-0.19807669520378113,-0.3647727370262146,0.060248345136642456,0.6306623816490173,-1.0965546369552612,3.5795583724975586
-0.11178084598764265,-0.08080846021354512,0.1189307918723879,0.9832755261378952,-0.24138115607704524,-0.13670178517279885,0.22413330856734012,-0.13232558965682983,0.23904386162757874,-0.9619500637054443,-0.11808295547962189,-0.5884677171707153,-0.18470539152622223,0.2704036235809326,-0.3803707957267761,0.8921208381652832
-0.10939778234462301,-0.08314436768690836,0.10820827175263659,0.9845863684400249,-0.23559022493411505,-0.14453134010981822,0.20179228029286148,-0.14005011320114136,0.2334168404340744,-0.9622383117675781,-0.1836649626493454,-0.5729319453239441,-0.102662593126297,-0.13505879044532776,0.15239731967449188,-2.047311305999756
-0.10979427303000923,-0.08263308113945207,0.04049048654686726,0.9896856410408534,-0.2259325798184902,-0.15937752848411435,0.06366020988678063,-0.15467028319835663,0.2240152359008789,-0.9622340202331543,-0.26521602272987366,-0.40634486079216003,-0.05256113409996033,-0.3917526602745056,0.6320254802703857,-4.458030700683594
-0.11043328507945697,-0.07631450128361515,-0.06666852135418078,0.988704242268291,-0.20973034871175184,-0.17016049932047272,-0.15260903946095145,-0.16562974452972412,0.20819605886936188,-0.9639611840248108,-0.32671499252319336,-0.2168523371219635,-0.011261533945798874,-0.5345220565795898,1.1818829774856567,-5.918941497802734
-0.11230900732603032,-0.06458749094700919,-0.19319527624314528,0.9725692203347782,-0.19472890535172005,-0.17314672246995017,-0.4091370571461141,-0.1690266877412796,0.19350047409534454,-0.9664303064346313,-0.3516916036605835,0.1750897765159607,0.15424805879592896,-0.9932699203491211,1.0860127210617065,-6.269376754760742
-0.12582172046102946,-0.05374079883130188,-0.3052478743806613,0.9423931119159941,-0.2057879177479079,-0.18296153878365065,-0.6454310823630222,-0.1781034618616104,0.2043384313583374,-0.9625616669654846,-0.14608880877494812,0.34601491689682007,0.17833760380744934,-1.4207830429077148,0.7323626279830933,-4.992258548736572
-0.14399257903547935,-0.04891460709694254,-0.378437065811988,0.9130492827098584,-0.22788985603848794,-0.20500331381183798,-0.8093884340332482,-0.198307067155838,0.2259223610162735,-0.953747034072876,0.07331950962543488,0.70354163646698,0.1554139107465744,-1.0591392517089844,-0.1057288646697998,-2.292997121810913
-0.15425790125144806,-0.04687725628473114,-0.3860602734923797,0.9082756374171912,-0.2465115873268396,-0.2122173352148024,-0.8302097013015295,-0.20426054298877716,0.2440224140882492,-0.9480140805244446,0.17947301268577576,0.7537569403648376,-0.0027681002393364906,-0.07114675641059875,-0.0175948366522789,1.5187829732894897
-0.1536870751647113,-0.0398707280621987,-0.32933293660078067,0.9307688004537699,-0.26284903251497793,-0.18270444955714382,-0.7043809997135824,-0.1754492223262787,0.2598326802253723,-0.9495812654495239,-0.023821040987968445,0.5596919655799866,0.02740050107240677,0.33708620071411133,-0.26727429032325745,4.469430923461914
-0.1467926526229792,-0.02987298555487484,-0.2264863426975813,0.9624259738682511,-0.2723779473324836,-0.12909859090343884,-0.47996224879694815,-0.12399408221244812,0.2690223753452301,-0.9551190733909607,-0.21017684042453766,0.35592135787010193,0.04327047988772392,0.8327205181121826,-0.1518937349319458,6.179453372955322
-0.1322108920617225,-0.01873376935864945,-0.09492967021789737,0.9864876774431115,-0.26021886077297424,-0.06426918978777561,-0.2002815561886428,-0.06206270679831505,0.2572919428348541,-0.9643386602401733,-0.33836278319358826,0.20387262105941772,0.12375463545322418,1.0162097215652466,-0.3714229464530945,7.075002670288086
-0.11469693709072057,-0.010218646609624423,0.04491229254720224,0.9923322748411664,-0.23059090772358457,-0.010249442773372261,0.08926996318569227,-0.009977977722883224,0.22855272889137268,-0.9734804034233093,-0.3442365825176239,-0.08350694179534912,0.07382479310035706,0.9977902770042419,-0.34280771017074585,6.663057804107666
-0.09897751261725385,-0.0025392798912204193,0.17015111323124746,0.9804314627867148,-0.19620184049708303,0.02926873395870257,0.34655216072068096,0.02870306745171547,0.19494536519050598,-0.9803940057754517,-0.29796677827835083,-0.3523769676685333,-0.05108904838562012,0.516248881816864,-0.22123229503631592,5.668743133544922
-0.08986559474896641,0.006500805852132886,0.2454313283163709,0.9652179322188503,-0.1711227061118957,0.05753263312198513,0.502933406607394,0.05666101723909378,0.17028866708278656,-0.9837638735771179,-0.2352762520313263,-0.7829331755638123,0.041439611464738846,0.2640072703361511,-0.030047237873077393,1.7237699031829834
-0.09346605302045508,0.0006543412108665318,0.23947045912878792,0.9663942159561264,-0.18132876827085267,0.04681375143519135,0.49006693627554393,0.04602938890457153,0.1803366243839264,-0.9825273752212524,-0.20889617502689362,-0.7059313058853149,0.02682456187903881,-0.6417704224586487,-0.274169921875,-2.2702431678771973
-0.10921907584260154,-0.013701354834603476,0.1680829334530151,0.9796079806912201,-0.22036896938944803,0.01011663248130319,0.34097362079523824,0.00987179484218359,0.21858958899974823,-0.9757669568061829,-0.26394468545913696,-0.4169490933418274,-0.03912162408232689,-1.0024244785308838,-0.0018968582153320312,-4.813165664672852
-0.126785453194884,-0.024246203328488876,0.058012441045672845,0.989935573951747,-0.25663998669255605,-0.034428252225159196,0.11262795077386092,-0.033294085413217545,0.2538319230079651,-0.9666751623153687,-0.31425780057907104,-0.21831583976745605,-0.013452764600515366,-0.9541261196136475,0.48927539587020874,-6.105278968811035
-0.14316443972160517,-0.029486734413200953,-0.06889859399391941,0.9868574806481464,-0.28223467938250885,-0.0812254655911683,-0.15095136995825276,-0.07792603969573975,0.278502494096756,-0.9572689533233643,-0.3058837652206421,0.1848108172416687,0.07392247021198273,-1.1349115371704102,0.5353745818138123,-6.082742214202881
-0.16102847258699698,-0.03048836564016229,-0.1793891719296169,0.9700309023181725,-0.3062304659633727,-0.12293732869269297,-0.3847263492139325,-0.11692279577255249,0.30146652460098267,-0.9462805986404419,-0.12703001499176025,0.27013957500457764,0.12149196863174438,-1.1494659185409546,0.6667712330818176,-4.92406702041626
-0.17747041884468706,-0.034799931094866586,-0.2569121851317756,0.9493626841441827,-0.32476547965326175,-0.16670960204828245,-0.5559437414157098,-0.15726406872272491,0.3190864324569702,-0.9345864653587341,0.034008949995040894,0.48589736223220825,0.1303899735212326,-0.8085080981254578,-0.12826573848724365,-2.786365270614624
-0.1871780389239724,-0.04126298485057092,-0.2887871824532805,0.9380106263824461,-0.33346333160722663,-0.19761844097222261,-0.630689798486457,-0.18551939725875854,0.3273174464702606,-0.9265235066413879,0.106681227684021,0.49555033445358276,0.028310008347034454,-0.2153124362230301,-0.2148687094449997,-0.54087233543396
-0.18833311241050144,-0.04565050951952429,-0.2729130268015092,0.942319175213181,-0.3363274834147647,-0.20139814973233838,-0.5981144760708818,-0.18883174657821655,0.3300224542617798,-0.9248933792114258,0.09307243674993515,0.5212209820747375,-0.022243620827794075,0.3627087473869324,-0.36263108253479004,2.051772356033325
-0.18154600611154406,-0.044208795880995265,-0.2108901889656401,0.9594853375030146,-0.33602292568271674,-0.1718137325029286,-0.46192101784410533,-0.16140787303447723,0.3297349512577057,-0.9301732778549194,-0.05669837445020676,0.4236293137073517,0.0628032460808754,0.8246580362319946,-0.5181741714477539,4.166442394256592
-0.16772771618304383,-0.041968032744617446,-0.11286228149536875,0.9784520985981185,-0.3244144728610157,-0.12693155191608113,-0.2504794793760905,-0.11998764425516129,0.31875374913215637,-0.9402122497558594,-0.1624145358800888,0.26917436718940735,0.08810068666934967,1.220833659172058,-0.6586408615112305,5.514122486114502
-0.14693325112960323,-0.040239602639958544,0.007730543864344438,0.9882974720254986,-0.2953238229034783,-0.08085005294517518,0.003611436621536202,-0.07726562768220901,0.2910495698451996,-0.9535828232765198,-0.25881797075271606,0.1656549572944641,0.12013603001832962,1.4103357791900635,-0.8870413899421692,6.273948669433594
-0.12278279854776544,-0.03906395348569641,0.13740732935470154,0.982098639223614,-0.2546482172648001,-0.04443385069562437,0.2723299952136131,-0.042986802756786346,0.2519048750400543,-0.9667968153953552,-0.2829742133617401,0.036875009536743164,0.06054762750864029,1.3788247108459473,-0.8868010640144348,6.4062676429748535
-0.09975560574514034,-0.033570541530828044,0.25795061034053546,0.9604079342811263,-0.21048194614581514,-0.013312987850485137,0.5233776956204558,-0.013018817640841007,0.20893113315105438,-0.977843701839447,-0.2652880549430847,-0.21653401851654053,-0.020014431327581406,1.1317476034164429,-0.4486304521560669,5.532425880432129
-0.08472094725244936,-0.022822293212906426,0.33893836879255546,0.9367083443329018,-0.17508144506161805,0.014903070364238945,0.6956748478653227,0.014674652367830276,0.1741882562637329,-0.9846030473709106,-0.21392276883125305,-0.7594205737113953,-0.02739374339580536,0.5594930648803711,0.18204209208488464,2.3401596546173096
-0.08444578156829759,-0.022726800304496184,0.33706745734433013,0.9374102741927131,-0.17452626240669333,0.014540569210945202,0.6916272672185911,0.014319135807454586,0.17364153265953064,-0.9847047924995422,-0.26730895042419434,-0.7204278707504272,0.043903227895498276,-0.5593243837356567,-0.23487168550491333,-2.3509209156036377
-0.09879014238417082,-0.03729118856351148,0.26187738577502473,0.9593072291265806,-0.2106255164584209,-0.020254578779960855,0.530844657577775,-0.019805632531642914,0.20907153189182281,-0.9776997566223145,-0.2854081988334656,-0.5128306746482849,-0.07229730486869812,-1.1132440567016602,0.2548713684082031,-5.29521369934082
-0.11580391498145012,-0.044942929379599116,0.13499283684356503,0.9830293468887366,-0.2421714136189967,-0.05884513130316645,0.2657771612069496,-0.05709504336118698,0.23981113731861115,-0.9691392183303833,-0.474027156829834,-0.3546075224876404,-0.0024878643453121185,-0.9823787212371826,0.7449287176132202,-7.455065727233887
-0.12870677236363381,-0.04727020067450291,-0.03215678670055869,0.9900334284310699,-0.2545478962756317,-0.10546316099472451,-0.07844616984207665,-0.10187572240829468,0.2518077790737152,-0.9624001979827881,-0.6388945579528809,-0.103671133518219,0.07514447718858719,-1.0660748481750488,1.1438796520233154,-8.896300315856934
-0.1423667997251226,-0.04523329745070743,-0.21481001775483216,0.9651645192080955,-0.2582424083765581,-0.1541812813183077,-0.4580461755593815,-0.14847871661186218,0.2553815543651581,-0.9553713202476501,-0.6510233879089355,0.14011186361312866,0.2124435305595398,-1.50075101852417,1.1293333768844604,-9.173776626586914
-0.16418509655669306,-0.04568496678294678,-0.37905750125545057,0.9095448266680627,-0.2672011565955004,-0.21691031119037077,-0.8189989691868463,-0.20757615566253662,0.26403287053108215,-0.9419122934341431,-0.366636723279953,0.6424607634544373,0.3055189251899719,-1.9237565994262695,0.21526694297790527,-7.402733325958252
-0.18707000487749176,-0.05378221884570066,-0.4758461060493743,0.8577195862612297,-0.2731054577798314,-0.2845195805379357,-1.052368239419685,-0.27029308676719666,0.2697230279445648,-0.9242246150970459,0.14868606626987457,1.2345694303512573,0.12214650958776474,-1.02870774269104,-0.3462355434894562,-2.7314505577087402
-0.19730971435550043,-0.05458080254889813,-0.46727901653281195,0.8600815501656607,-0.2925511987955789,-0.29488930370892535,-1.0391196493401698,-0.2782851457595825,0.28839588165283203,-0.9161796569824219,0.22843299806118011,1.0903022289276123,0.031213413923978806,0.19183063507080078,-0.34660741686820984,3.3571603298187256
-0.1982080913932949,-0.04826897351815761,-0.3682974998080967,0.9070506244031036,-0.3299702268493023,-0.2494620742172677,-0.8131481949518647,-0.23356381058692932,0.3240147829055786,-0.9167673587799072,-0.20429879426956177,0.6686969995498657,0.06015970557928085,0.8265407085418701,-0.9292705059051514,7.162282466888428
-0.18951882519756458,-0.03875082079381674,-0.20771457881523175,0.9588722082570816,-0.3547441404017158,-0.16394126925302246,-0.45610688194682203,-0.15304575860500336,0.3473503291606903,-0.9251620173454285,-0.5612968802452087,0.49488192796707153,0.18790385127067566,1.439653992652893,-1.063819169998169,9.413759231567383
-0.16778613985577845,-0.03068301066359646,-0.0036386554156408396,0.9853391393596361,-0.3367582936712803,-0.06540513295198326,-0.018507538152879956,-0.06168735772371292,0.3304291069507599,-0.9418127536773682,-0.8113222122192383,0.2982327342033386,0.22222808003425598,1.7273743152618408,-1.466920018196106,10.664100646972656
-0.1380545063469585,-0.020907189612535827,0.2109196317173048,0.9674796985930996,-0.279577250157852,0.018501641003977602,0.43190501274171844,0.017782222479581833,0.27594923973083496,-0.9610077142715454,-0.7642594575881958,-0.08181428909301758,-0.06939100474119186,1.4678767919540405,-0.6965948343276978,10.21331787109375
-0.11567421726589353,0.0024896664164550217,0.37772025845729235,0.918662538818215,-0.2122401852108342,0.09420940743808051,0.7902279925686347,0.09195926040410995,0.2106502652168274,-0.9732265472412109,-0.6580526828765869,-0.54095458984375,0.004982620477676392,0.7002731561660767,-0.18768614530563354,7.006752967834473
-0.11698818938656477,0.016544691944929888,0.45048412065050075,0.8849318734808881,-0.19334935797249211,0.1376763586328111,0.9551125127584061,0.13468442857265472,0.19214683771133423,-0.9720801115036011,-0.4356587529182434,-1.2503231763839722,-0.042217087000608444,-0.4422511160373688,0.6412742137908936,0.6446115970611572
-0.13565389507626452,0.010043463882959226,0.4017810676535329,0.9055768011711116,-0.2399144148552163,0.13132428071715024,0.8510138257593141,0.1271965205669403,0.23761940002441406,-0.9629943370819092,-0.45603111386299133,-0.8791455030441284,-0.0042252689599990845,-1.1263351440429688,0.23039615154266357,-5.4847283363342285
-0.16255394592858202,-0.00669588166290248,0.27417240492482087,0.9478190833765916,-0.3171027964258255,0.08054089460997972,0.5760463988282393,0.07644259929656982,0.3118149936199188,-0.9470627903938293,-0.5648200511932373,-0.3903392553329468,-0.046502940356731415,-1.1365911960601807,1.0443103313446045,-7.784003734588623
-0.1847705785017132,-0.013284623637790227,0.10597588855431997,0.9769609492251612,-0.372390343228482,0.014177499149394309,0.21877593336284556,0.013205326162278652,0.36384284496307373,-0.9313667416572571,-0.6724311709403992,-0.11001776158809662,-0.009430721402168274,-0.8627452850341797,1.6414146423339844,-8.966609954833984
-0.20152387661703386,-0.014614418475070147,-0.08111308626500005,0.9760099183338335,-0.40172627249824694,-0.06656470460066838,-0.17939054706732757,-0.06122005358338356,0.3910076320171356,-0.9183491468429565,-0.6478656530380249,0.18338876962661743,0.1732022762298584,-1.1677546501159668,1.6721296310424805,-9.235257148742676
-0.2212208392202387,-0.020753039482792637,-0.25100353746329535,0.9421401309582059,-0.4185366937489053,-0.16509335105306358,-0.5558797833813506,-0.15015891194343567,0.40642377734184265,-0.9012613296508789,-0.3798886239528656,0.3913477063179016,0.25644728541374207,-1.3494222164154053,0.9672902822494507,-7.716923713684082
-0.23592537780738898,-0.034432800418297674,-0.3734770008857634,0.8964757504663439,-0.40855431293110483,-0.2623008763110962,-0.8441188485181295,-0.23796166479587555,0.3972829580307007,-0.8863072395324707,-0.0747607946395874,0.7332396507263184,0.20988516509532928,-0.868553102016449,-0.062062978744506836,-5.026861190795898
-0.24195723434534366,-0.05103251147984191,-0.4231470639538426,0.8716645778836325,-0.3883076334707168,-0.32294487503780944,-0.9679122143546626,-0.2937333583831787,0.37862250208854675,-0.8777047991752625,0.24503621459007263,0.9225606322288513,0.008271663449704647,0.32401520013809204,-0.3927050232887268,-0.5505508780479431
-0.23289566291150882,-0.05774929489432409,-0.39124631363055373,0.8884542969280893,-0.37755191196680526,-0.31144740000809645,-0.8895993396957328,-0.2848542630672455,0.3686458170413971,-0.8848493099212646,0.10368257761001587,0.7662407159805298,0.07158776372671127,1.2098462581634521,-0.5357095003128052,3.6095101833343506
-0.21726514362612379,-0.058691231421883414,-0.29467491125148776,0.9287185702797629,-0.3778970122579747,-0.25790619829145744,-0.6640735200751545,-0.23706036806106567,0.36896657943725586,-0.8987024426460266,-0.1598193645477295,0.4606984257698059,0.07895764708518982,1.7198762893676758,-0.8588164448738098,6.179939270019531
-0.1933441480321497,-0.05743338391994834,-0.15338336003999883,0.9673640325032574,-0.36446522625113903,-0.18343834436266063,-0.34839337603789655,-0.17042948305606842,0.35644957423210144,-0.9186389446258545,-0.36756616830825806,0.3734164834022522,0.19224147498607635,2.1339428424835205,-1.1127690076828003,7.91664457321167
-0.16190483078544685,-0.05581001526576576,0.01920432513562571,0.9850398528714207,-0.32690027870818056,-0.10975241744273678,0.020868829747374158,-0.10373160988092422,0.3211089074611664,-0.941344141960144,-0.5464060306549072,0.24923603236675262,0.24642783403396606,2.145937919616699,-1.4591346979141235,8.855074882507324
-0.1295382210177188,-0.050264438827033776,0.19971767806843152,0.9699517125943672,-0.27481515483024715,-0.04756825627640671,0.39955458623618034,-0.04576602578163147,0.27136892080307007,-0.9613866806030273,-0.5670600533485413,0.03511607646942139,0.08617553859949112,1.866985559463501,-0.8859609365463257,8.767449378967285
-0.10213762072131062,-0.034002925468452586,0.3587389133500731,0.9272099667573865,-0.2154657018813259,0.0104680146709471,0.7394599100182617,0.010225730948150158,0.2138022929430008,-0.9768234491348267,-0.5018703937530518,-0.3159278631210327,-0.05952533707022667,1.3207440376281738,-0.18091696500778198,7.345527172088623
-0.09231669891211657,-0.013121137267390892,0.45413505610528365,0.8860401202473361,-0.1764239224391452,0.061591160214466645,0.9527148132190894,0.06059672683477402,0.17551006376743317,-0.9826109409332275,-0.43557924032211304,-1.0546379089355469,0.001194976270198822,0.18969199061393738,0.4882979691028595,2.4409470558166504
-0.10246816961636622,-0.010914746270528304,0.4388128289019432,0.8926502382903596,-0.19372499123512696,0.0718472132063219,0.9207689252403862,0.07044252753257751,0.19251546263694763,-0.9787623286247253,-0.4206424057483673,-1.0067996978759766,0.05938362330198288,-0.9310281276702881,0.2826005220413208,-3.826939582824707
-0.1285556145922766,-0.02714811779680796,0.3339048537815532,0.9334046731652397,-0.2610743034735917,0.036411984056992246,0.6918663508635536,0.035170283168554306,0.25811851024627686,-0.9654728770256042,-0.5070948004722595,-0.5076964497566223,-0.005976177752017975,-1.569262981414795,0.81199049949646,-7.024615287780762
-0.15663557531510205,-0.037864106761121764,0.17609680929958726,0.9710930880286053,-0.3231456332121541,-0.019377183728316594,0.35562039177801796,-0.01837310940027237,0.3175508379936218,-0.9480632543563843,-0.699692964553833,-0.21982578933238983,0.08823614567518234,-1.358917474746704,1.229348063468933,-8.873825073242188
-0.17868906416412494,-0.04659692447134466,-0.012102716697762193,0.98272710701888,-0.35765359804412616,-0.10256816763523117,-0.04318536384849813,-0.09590934216976166,0.35007715225219727,-0.9317979216575623,-0.7364376783370972,0.10592667758464813,0.13486596941947937,-1.6002533435821533,1.3639636039733887,-9.525344848632812
-0.2036965799280032,-0.05312188638993615,-0.1964359494208916,0.957652859910024,-0.3782245932871036,-0.19686482367767075,-0.4424295126590943,-0.18177124857902527,0.36927101016044617,-0.9113715887069702,-0.5494410395622253,0.4346603453159332,0.23328833281993866,-2.03950834274292,1.0260392427444458,-8.484772682189941
-0.2262274536053286,-0.05974442157047535,-0.3349129017909311,0.9127350642349513,-0.38218973029549896,-0.2846885218426282,-0.7587951215577604,-0.26059454679489136,0.37295299768447876,-0.8905035257339478,-0.13254866003990173,0.7154487371444702,0.20486220717430115,-1.4833943843841553,0.49906712770462036,-5.519680976867676
-0.24039205924656298,-0.06374689065507969,-0.4005881988990327,0.8818600889654644,-0.3821452382451264,-0.3349704693729884,-0.9181549698347413,-0.3050280213356018,0.3729117214679718,-0.8762960433959961,0.19463233649730682,1.0325069427490234,0.1205112636089325,-0.7976997494697571,-0.10275620222091675,-1.242175817489624
-0.24840508485840485,-0.05964849364612207,-0.382074659859733,0.8881194459309439,-0.4067715932718123,-0.3278904709163634,-0.8807538755682499,-0.2957684397697449,0.395646333694458,-0.8694739937782288,0.18024832010269165,0.7501857876777649,0.05146406963467598,0.20079919695854187,-0.24250838160514832,2.975644588470459
-0.24842531175815039,-0.05204360899880174,-0.29573191257564724,0.9209338216041459,-0.44093434744934584,-0.2718047028127536,-0.6827132587939704,-0.24279195070266724,0.4267845153808594,-0.8711526989936829,-0.07079893350601196,0.48172909021377563,0.020001668483018875,0.9243348836898804,-0.7820072174072266,5.858105182647705
-0.2371454523026682,-0.0438379435933176,-0.16305585805068484,0.9566886635674098,-0.4549892579921531,-0.1804507106726422,-0.37951353416745326,-0.16121438145637512,0.43945252895355225,-0.8836805820465088,-0.2962741255760193,0.39584559202194214,0.1773650348186493,1.5209637880325317,-1.1834321022033691,7.610906600952148
-0.2145095975298181,-0.037229721595969885,0.003909363226780478,0.976004341939718,-0.43236097739782686,-0.07827063037746747,-0.009186634748965845,-0.07099553197622299,0.4190155565738678,-0.9051992297172546,-0.48625636100769043,0.24742953479290009,0.18091191351413727,1.663205862045288,-1.5368024110794067,8.653823852539062
-0.18671717303853602,-0.02904463153488221,0.18096098804430497,0.9651665338278732,-0.3800191183226776,0.012395882877877865,0.373064619913429,0.011511215008795261,0.37093809247016907,-0.9285862445831299,-0.5155375599861145,-0.017315968871116638,-0.013289302587509155,1.4614884853363037,-1.2162764072418213,8.554262161254883
-0.16488777548343914,-0.005831491666567862,0.32322073150013614,0.9318297263548002,-0.3163127684767761,0.10089024404545513,0.6838658375082637,0.09572232514619827,0.3110642731189728,-0.9455560445785522,-0.4584711790084839,-0.8657742738723755,0.0064849574118852615,0.9359304904937744,0.05435037612915039,5.225296497344971
-0.16014286531768632,7.879785906792985e-05,0.3679277976331693,0.9159605009929142,-0.2976884326388789,0.12372996486594424,0.7824936746262814,0.11798631399869919,0.2933109998703003,-0.9487085342407227,-0.381298303604126,-1.0382288694381714,0.05335769057273865,-0.37689894437789917,-0.3569178581237793,-0.501139760017395
-0.17344433718906468,-0.01990480082025546,0.31637803828213207,0.9324301697067798,-0.3427138431036445,0.0771893104725457,0.667594937545392,0.07262823730707169,0.3360442519187927,-0.9390417337417603,-0.29562631249427795,-0.6083911657333374,-0.013467044569551945,-1.205912470817566,-0.07389438152313232,-4.597962856292725
-0.1940405456537454,-0.04479078093503608,0.21007311579742707,0.9571894296664201,-0.40094198633008943,-0.00458473268148957,0.43115544454596755,-0.004221142269670963,0.3902856707572937,-0.9206841588020325,-0.3251631259918213,-0.2596813440322876,0.01397935301065445,-1.1712838411331177,0.3096286654472351,-6.290205955505371
-0.20983000334425686,-0.06697217288000705,0.08049778254789726,0.9721143690228912,-0.4320570921793999,-0.10638584626720449,0.14186917297469048,-0.09642751514911652,0.4187396168708801,-0.9029722213745117,-0.3101874589920044,0.0690334364771843,0.04670017957687378,-1.1244868040084839,0.5139254331588745,-6.555793762207031
-0.22348827289387588,-0.0846853050958148,-0.04689389953823886,0.9698879002751584,-0.4395968668615063,-0.20614950153182293,-0.14283537017368556,-0.18523094058036804,0.42557457089424133,-0.8857628107070923,-0.2085997760295868,0.39238834381103516,0.10709132254123688,-1.2397301197052002,0.4207920432090759,-5.737756252288818
-0.23393569245394064,-0.09807998933819252,-0.14340154685723974,0.9566036783522982,-0.4328259689660056,-0.2844382445609931,-0.360537689544025,-0.25474077463150024,0.4194377362728119,-0.8713088631629944,0.0024232491850852966,0.3025120794773102,0.051977962255477905,-0.7764419317245483,0.40106138586997986,-4.041302680969238
-0.2395614172207049,-0.10844421045717903,-0.20367671329682482,0.9430621426008905,-0.41989818642100435,-0.3372229611952437,-0.49792917312254953,-0.30212533473968506,0.4076673686504364,-0.8617004156112671,0.06777733564376831,0.5229198336601257,0.10744468122720718,-0.4257347583770752,-0.20252452790737152,-1.875940203666687
-0.24322988141516702,-0.1168795252077057,-0.21714179677220843,0.9380980782239259,-0.41762214412463383,-0.36341707619076746,-0.5327563028945727,-0.32491958141326904,0.4055880010128021,-0.8543568849563599,0.13262726366519928,0.42552077770233154,0.00366769265383482,0.11078007519245148,-0.2811349034309387,0.3379351496696472
-0.2423728235007132,-0.12190960209120631,-0.18636065851847347,0.9442792935991557,-0.42497386288108313,-0.3595680447664539,-0.46808815072742155,-0.32057085633277893,0.412296861410141,-0.8527869582176208,0.0861184298992157,0.42870235443115234,0.006107147783041,0.6724927425384521,-0.5233949422836304,2.607637882232666
-0.2375493021022102,-0.12105173280071437,-0.1143192316972059,0.9569995571880338,-0.4411637395128705,-0.3218148438948761,-0.3105429207586816,-0.28600576519966125,0.42699193954467773,-0.8578336834907532,-0.025547221302986145,0.324785977602005,0.052613578736782074,1.1295396089553833,-0.6586541533470154,4.431942939758301
-0.22827154191374338,-0.11650447355899275,-0.008411187289298514,0.9665652083561722,-0.4548402144333118,-0.25782921062583275,-0.07738637485625192,-0.2290583699941635,0.4393186569213867,-0.8686376810073853,-0.13912120461463928,0.21911472082138062,0.06463543325662613,1.426079511642456,-0.826994001865387,5.7897629737854
-0.21325114593173083,-0.10740540844525032,0.1210295391701908,0.9635040451988364,-0.45218852033667345,-0.17358066235116382,0.20989544619278203,-0.1553516983985901,0.4369350075721741,-0.8859760761260986,-0.2710030674934387,0.12240768224000931,0.12718698382377625,1.5121958255767822,-1.2112441062927246,6.708319664001465
-0.1957558473659115,-0.09657546541436957,0.25679034687552243,0.9414943495418924,-0.4314686918118844,-0.08963819608952987,0.5128857540716648,-0.0813141018152237,0.41820523142814636,-0.9047057032585144,-0.3048175871372223,-0.08337592333555222,-0.02510077878832817,1.3325855731964111,-0.8987946510314941,6.562258720397949
-0.18170976047312326,-0.07666649911450639,0.36929344710095346,0.9081444401762319,-0.3970096264966797,-0.0054651598030347175,0.7713461040400419,-0.005040106363594532,0.38666218519210815,-0.9222076535224915,-0.31233537197113037,-0.4520571827888489,-0.06054236739873886,0.9147303700447083,-0.1225387454032898,4.801618576049805
-0.17762780082554303,-0.059143717512284484,0.42427869596141893,0.8859672874102885,-0.37355942170833645,0.04935074212906023,0.902559180264947,0.04592852666974068,0.364931583404541,-0.9299008250236511,-0.27396318316459656,-0.7340254187583923,-0.040988627821207047,0.12509235739707947,0.35706886649131775,1.0880801677703857
-0.18389945347395123,-0.05844550037353509,0.4081192063222957,0.8923025666405235,-0.3853606596664045,0.04944875679094934,0.8675937672828945,0.045803602784872055,0.3758932650089264,-0.9255302548408508,-0.2308274507522583,-0.5777888298034668,-0.022841399535536766,-0.6229643821716309,0.4163913428783417,-2.4339146614074707
-0.19994587716453482,-0.06831871214310523,0.340868217129339,0.9160585123091942,-0.4256354310541352,0.012234385657971759,0.7151008815792338,0.011142470873892307,0.4128994941711426,-0.9107084274291992,-0.18928074836730957,-0.36423593759536743,-0.05461953952908516,-1.0043885707855225,0.9515483975410461,-4.405266284942627
-0.21639459195503283,-0.07736381141329052,0.2439685352759472,0.9421612279633018,-0.46173921252877675,-0.04490771474412906,0.4962027925416579,-0.040191445499658585,0.4455057382583618,-0.8943765163421631,-0.2077193558216095,-0.11139282584190369,0.011162171140313148,-0.8830251693725586,0.9927132725715637,-5.230400085449219
-0.22896161172447893,-0.08346635652785786,0.13314302516213797,0.960668086368939,-0.4804047548348862,-0.11232076866028297,0.24789581808440314,-0.09939764440059662,0.46213802695274353,-0.8812199234962463,-0.1888267546892166,-0.057278361171483994,0.011483559384942055,-0.8864620923995972,1.368923544883728,-5.631768226623535
-0.2398907295145681,-0.08701262775266037,0.011007903432141032,0.9668300156248686,-0.4845189907940616,-0.18522686782061884,-0.023125038583078506,-0.16297142207622528,0.46578264236450195,-0.8697625398635864,-0.22966790199279785,-0.03672376275062561,0.06413614749908447,-1.0588037967681885,1.3307232856750488,-6.17255973815918
-0.24856805564951334,-0.09219712155297947,-0.1168481151473677,0.9571103733228435,-0.47155037905157343,-0.2664532802597597,-0.307339079556598,-0.23457500338554382,0.4542678892612457,-0.859427273273468,-0.22200588881969452,0.09733772277832031,0.1565590798854828,-1.0358983278274536,1.0416820049285889,-6.162659168243408
-0.25361952559694245,-0.10437593810518406,-0.2306809487367178,0.9335787660146979,-0.439395568217925,-0.35184868116702755,-0.5638296353540204,-0.3118966221809387,0.42539241909980774,-0.8495656847953796,-0.08725806325674057,0.45668888092041016,0.11767975986003876,-0.8389095664024353,0.4167516827583313,-4.9814066886901855
-0.2534708374277195,-0.11590328112420535,-0.302632603506983,0.9114453300877493,-0.40269305895785057,-0.40759765041199303,-0.7254819246371311,-0.3646959960460663,0.3918972909450531,-0.8446379899978638,0.15469776093959808,0.6410003304481506,0.0030686594545841217,-0.1303209662437439,0.22757530212402344,-2.3787245750427246
-0.24616901604713431,-0.11983388748774436,-0.31400623229475766,0.9090879886135765,-0.3815090159289135,-0.41296889239305373,-0.7460104781754855,-0.3724762201309204,0.37232130765914917,-0.8500813841819763,0.23927530646324158,0.7393404245376587,-0.001776357414200902,0.6826046109199524,-0.0067901611328125,1.1415079832077026
-0.2354405590087425,-0.11534874932966442,-0.2613876466142061,0.9289451652956027,-0.3866860835420358,-0.3728651751990609,-0.6224050215258122,-0.33738774061203003,0.3771211504936218,-0.8625248670578003,0.1091107502579689,0.5695680379867554,0.06058187410235405,1.2661762237548828,-0.27495747804641724,4.191690921783447
-0.22089673677419358,-0.10639388599940584,-0.15432653042586944,0.957114621406606,-0.4006404920158563,-0.2996866833253212,-0.38102074260911184,-0.27184268832206726,0.3900080919265747,-0.8797699809074402,-0.11705052852630615,0.4283214807510376,0.11131393909454346,1.7237803936004639,-0.5243622064590454,6.490582466125488
-0.2032473366110043,-0.09424753754889172,-0.006226198989013533,0.9745611133629115,-0.4060464002586804,-0.20412827266475658,-0.05493926409417115,-0.1862308531999588,0.39498016238212585,-0.8996158838272095,-0.33919668197631836,0.21693292260169983,0.17252816259860992,1.7030863761901855,-0.9817878007888794,7.931886196136475
-0.1859545171581738,-0.08082485288299109,0.15411154603584865,0.9670253395061693,-0.3947284622852247,-0.1074580961709526,0.2945672856755734,-0.09900388866662979,0.38455742597579956,-0.9177765846252441,-0.4054962396621704,-0.21040469408035278,0.09799762070178986,1.4120519161224365,-0.8850210905075073,7.54798698425293
-0.1663921666136064,-0.06796441996547943,0.29027074216019877,0.9399136484368085,-0.3599684462378287,-0.033304106355057435,0.5930102159505386,-0.03116384707391262,0.3522445857524872,-0.93538898229599,-0.3347931504249573,-0.2737094461917877,-0.07274474203586578,1.0140745639801025,-0.6423332095146179,6.0678253173828125
-0.15860692835657525,-0.053036952878744006,0.3827584329145463,0.9085851870646704,-0.3350501093862279,0.02651651523480224,0.8018963647741497,0.025039048865437508,0.32881638407707214,-0.9440618753433228,-0.2864358425140381,-0.5680747032165527,-0.06909731775522232,0.3844195604324341,0.01958179473876953,3.6599512100219727
-0.1603288635220601,-0.044245161510390964,0.4199825198883177,0.8921614198233058,-0.3291542971297491,0.058918200875316414,0.8897335757811208,0.055722929537296295,0.32324275374412537,-0.9446740746498108,-0.1888665109872818,-0.6148220896720886,-0.0729198306798935,-0.35767218470573425,0.27939626574516296,0.4444615840911865
-0.17203496546575864,-0.05016704301092201,0.39679805569937115,0.9002437198255402,-0.35710054410219316,0.04933203961619817,0.8392041650944574,0.04620109498500824,0.34955906867980957,-0.9357745051383972,-0.17149032652378082,-0.52243971824646,-0.011463556438684464,-0.8587657809257507,0.22573256492614746,-2.6182448863983154
-0.18787534039405795,-0.0667375530454068,0.32749279675242093,0.9235786922408447,-0.4014434679342652,-0.0002380478981916753,0.6814697450914187,-0.00021916191326454282,0.3907473385334015,-0.9204979538917542,-0.1937960386276245,-0.35429495573043823,-0.009023386985063553,-1.0368905067443848,0.47634464502334595,-4.498977184295654
-0.20225989563882057,-0.08500799548276716,0.2262956099449027,0.9490284522866204,-0.43606354926073915,-0.07709235456706089,0.4510692442255692,-0.0698089748620987,0.42237454652786255,-0.9037292003631592,-0.2060880959033966,-0.2192477136850357,-0.05202428996562958,-1.1172279119491577,0.7332918047904968,-5.764475345611572
-0.21651586115071553,-0.09776806189013164,0.10368612765594187,0.9658217359973199,-0.4539354634320533,-0.1608677599181975,0.17666356212154383,-0.14395365118980408,0.43850570917129517,-0.8871245980262756,-0.24249088764190674,-0.10201322287321091,0.024832628667354584,-1.1973274946212769,1.0331543684005737,-6.287806034088135
-0.22776910527883729,-0.10584075914573318,-0.029027473934330618,0.9675105355220086,-0.4495868067124779,-0.2445130370661704,-0.11616177347043151,-0.21802718937397003,0.4345933198928833,-0.8738380074501038,-0.2445066273212433,0.04602504521608353,0.05681941285729408,-1.218199610710144,1.265937089920044,-6.505356788635254
-0.23505544687154434,-0.11091538144549326,-0.15645160083538348,0.9528745407540216,-0.42602120512673614,-0.3182382957219105,-0.3948656211024375,-0.2849264144897461,0.41325080394744873,-0.8648934960365295,-0.14683011174201965,0.20014457404613495,0.10659738630056381,-1.1338797807693481,0.9959673881530762,-5.886600971221924
-0.24029201630142116,-0.11674380790943714,-0.26128887785683785,0.9275553537822235,-0.39494841471152314,-0.3797413243798372,-0.6260298501116244,-0.34214386343955994,0.38476046919822693,-0.8572613000869751,-0.013121053576469421,0.5338467359542847,0.11811324954032898,-0.930267333984375,0.5415663123130798,-4.247132301330566
-0.24405773467186725,-0.12141748303561994,-0.31818210682715314,0.9079944864177714,-0.3746431066493163,-0.41567928335419074,-0.7540045732494709,-0.37580230832099915,0.36594030261039734,-0.8513873219490051,0.2148202806711197,0.6953380703926086,0.013929041102528572,-0.4092596769332886,0.20600254833698273,-1.429274082183838
-0.2437532008694839,-0.11708755088023277,-0.31526319979369877,0.9096615843627104,-0.378620532157341,-0.4057030984982568,-0.7460132948070853,-0.3667128384113312,0.36963894963264465,-0.8537498116493225,0.23265188932418823,0.670025110244751,0.01121598482131958,0.3584445118904114,0.17456576228141785,1.8210750818252563
-0.23931344348316208,-0.10775054784632283,-0.25437545224508484,0.930812670344979,-0.40138515664865276,-0.35775645646580195,-0.6070708760648509,-0.32234200835227966,0.39069366455078125,-0.8622378706932068,0.08616629987955093,0.5101340413093567,0.036861393600702286,0.9835641980171204,-0.25738173723220825,4.4508514404296875
-0.22992054651821606,-0.095344612060799,-0.1472567390276942,0.9572677819076358,-0.42476951480036856,-0.27823990826203693,-0.36563815609740813,-0.250255286693573,0.41211065649986267,-0.8760919570922852,-0.12195157259702682,0.36285802721977234,0.13413670659065247,1.3813492059707642,-0.5091196894645691,6.320702075958252
-0.2171829596688392,-0.08300659576563185,-0.007387709986164725,0.97256722977672,-0.43479402686895663,-0.18257356725812868,-0.05562705823548801,-0.16466793417930603,0.4212234616279602,-0.8918829560279846,-0.26828092336654663,0.14428868889808655,0.14937441051006317,1.3527538776397705,-1.0457189083099365,7.3260369300842285
-0.20287820505852075,-0.07133808230841077,0.1416283174860789,0.966277875450039,-0.4249557051974755,-0.08836213388124307,0.2719949557868705,-0.08039822429418564,0.41228029131889343,-0.9075026512145996,-0.3036445677280426,-0.10532583296298981,0.038009315729141235,1.1963309049606323,-0.9069141745567322,7.167507171630859
-0.18820339719470935,-0.05589613226385498,0.2722105058499403,0.9419961435697928,-0.39521299919788044,-0.0030837118455216603,0.5620005022781384,-0.0028460295870900154,0.3850046694278717,-0.9229102730751038,-0.2173686921596527,-0.45897188782691956,-0.15538015961647034,0.8586821556091309,-0.2953028678894043,5.5776214599609375
-0.18240657916517716,-0.03629590083525491,0.3487496619181733,0.9185773598784722,-0.3687239848953826,0.06495567726226327,0.7378218571222049,0.060547228902578354,0.36042535305023193,-0.9308209419250488,-0.257265567779541,-0.8126535415649414,0.023759404197335243,0.2191106677055359,0.04492844641208649,2.261049747467041
-0.18674800457714946,-0.03634164543344658,0.3467795210523756,0.9184490132785279,-0.37711756615983943,0.0675600945489594,0.7349422571849676,0.06276482343673706,0.3682419955730438,-0.9276089668273926,-0.21137216687202454,-0.7520655393600464,0.002649719826877117,-0.6873112916946411,0.02175319194793701,-2.221055507659912
-0.19968134282007605,-0.05625189641638655,0.27608613958433037,0.9384773447753787,-0.41791258516150553,0.005116606503468849,0.5733123223663943,0.0046762083657085896,0.4058534502983093,-0.9139261841773987,-0.1868591457605362,-0.4700562655925751,-0.10030930489301682,-1.0271738767623901,0.37230533361434937,-4.881723403930664
-0.21442955510891087,-0.0713852333691231,0.16358645778610262,0.960293532004262,-0.45024479343234025,-0.07442500720801241,0.3204104689105932,-0.06694602221250534,0.43518581986427307,-0.8978482484817505,-0.260711669921875,-0.23894812166690826,-0.06694275140762329,-1.0031719207763672,1.1522607803344727,-6.29592752456665
-0.22806205553348652,-0.07865822129376401,0.028536332601296985,0.970044578784212,-0.4633528722585134,-0.1566812454318001,0.021783537541232627,-0.13958783447742462,0.44694983959198,-0.883601188659668,-0.2721777558326721,0.0030091628432273865,0.05097098648548126,-1.2357138395309448,1.3818061351776123,-6.736281871795654
-0.24204986692889696,-0.08176844837138647,-0.1053182439027424,0.9610588282643531,-0.46455488562193115,-0.23498455129719228,-0.27412780457194985,-0.20815306901931763,0.44802477955818176,-0.869451642036438,-0.19038419425487518,0.2272600680589676,0.12203606963157654,-1.289904236793518,1.321929693222046,-6.0564470291137695
-0.2528098281707271,-0.08465621561145478,-0.21228049026964535,0.9401369850486125,-0.4549417767509224,-0.30122169595100684,-0.514375708897277,-0.2665099799633026,0.43940988183021545,-0.8578410744667053,0.0074737295508384705,0.43541884422302246,0.16296714544296265,-1.0263972282409668,0.6594076156616211,-4.372699737548828
-0.26008469433955195,-0.09101025342623371,-0.2756585744827215,0.9209156544119187,-0.44322671626712495,-0.35147364184806473,-0.6616606270277157,-0.3110145926475525,0.4288565218448639,-0.8481462597846985,0.1763506829738617,0.5546442270278931,0.04805168882012367,-0.4328971803188324,0.16069185733795166,-2.0069148540496826
-0.2599824105537999,-0.09355680861721201,-0.28854601502091287,0.9167320193662306,-0.4363976892510722,-0.36272211013615446,-0.6911507436284097,-0.32156673073768616,0.4226773977279663,-0.8473126292228699,0.228269562125206,0.5996642708778381,-0.014579678885638714,0.35899826884269714,-0.022034555673599243,0.683804988861084
-0.2517338643073409,-0.08984032350191026,-0.250985605282261,0.9303576084413098,-0.4370932428529636,-0.32994395961868495,-0.6009180536426645,-0.29353031516075134,0.4233076572418213,-0.8571175932884216,0.16742824018001556,0.5208331942558289,-0.004463438875973225,1.0466593503952026,-0.14907991886138916,3.159095048904419
-0.23598349322027917,-0.08130658918510278,-0.17039151616052237,0.9532407192477594,-0.43586009921187097,-0.262721510715561,-0.41226246476123024,-0.2354286164045334,0.4221901297569275,-0.8754020929336548,0.033691950142383575,0.35898464918136597,0.07016166299581528,1.6339194774627686,-0.32874196767807007,4.965566635131836
-0.21232799744041309,-0.07175845730444211,-0.05663434558575992,0.9729133657844345,-0.41700672784469967,-0.17999102786106516,-0.1544716752050002,-0.1636795997619629,0.4050253927707672,-0.8995351195335388,-0.11378347128629684,0.2227213978767395,0.18451091647148132,1.848313570022583,-0.8143917322158813,6.218027591705322
-0.18597382904016388,-0.06523158908893777,0.07599453617047577,0.9774373137129655,-0.3827468921933406,-0.10720074941824835,0.13439666516472135,-0.0992535799741745,0.37346988916397095,-0.9223172068595886,-0.1923801302909851,0.0047884248197078705,0.1317528784275055,1.692245602607727,-1.030811071395874,6.592104434967041
-0.16174463240749093,-0.05711904021070461,0.20720635865481635,0.9631416395284426,-0.34185660303466764,-0.04565525210085652,0.4159302234220331,-0.04299843683838844,0.33523672819137573,-0.9411522150039673,-0.23798422515392303,-0.12090829759836197,0.06307272613048553,1.2926310300827026,-0.8689396381378174,6.2995076179504395
-0.14492936111901739,-0.045624456438658874,0.3203597947843997,0.9350314499619098,-0.3049647001229392,0.007903230198248179,0.6613837214999498,0.007538438308984041,0.30025941133499146,-0.9538277983665466,-0.17446918785572052,-0.5038090348243713,-0.1187465563416481,0.8718090653419495,-0.03732973337173462,5.0012078285217285
-0.13474720004147955,-0.030716760859720537,0.38704752481875765,0.911643557872515,-0.27283279297495566,0.0501779515734745,0.8098854214353379,0.048301614820957184,0.26946043968200684,-0.9617993831634521,-0.15326139330863953,-0.7076014280319214,-0.03659559413790703,0.3281841278076172,-0.011679932475090027,1.9327256679534912
-0.1398616774614852,-0.03057585343136999,0.3860807548335851,0.911287835875032,-0.28225069338186776,0.05444933867927847,0.8092161913287246,0.052268944680690765,0.2785179018974304,-0.9590076804161072,-0.18938930332660675,-0.7573028206825256,0.04625207558274269,-0.6397894620895386,0.162360280752182,-1.9003067016601562
-0.15382313160564942,-0.0481898989910428,0.3217438861723168,0.9330044496093828,-0.32366664043837423,0.00955689752696795,0.6657142745583332,0.009060484357178211,0.31804484128952026,-0.9480323791503906,-0.1795205920934677,-0.4978651702404022,-0.04219253361225128,-1.1538525819778442,0.14453327655792236,-4.662014961242676
-0.17039110807317503,-0.0664422784724481,0.21301176572392885,0.9597804511802077,-0.36332280266307543,-0.058820834853204405,0.42598869479013285,-0.05494939535856247,0.35538196563720703,-0.9331046342849731,-0.26334455609321594,-0.3225041627883911,-0.003473825752735138,-1.1480445861816406,0.6345183253288269,-6.395967960357666
-0.1864829605166407,-0.08071748714017135,0.07458582564789057,0.9762919380756973,-0.3856531367615107,-0.14054019862465714,0.12501355914252318,-0.12978968024253845,0.3761642575263977,-0.9174176454544067,-0.2876509130001068,-0.08085954934358597,0.04948553070425987,-1.3993874788284302,0.8782359957695007,-7.239048004150391
-0.20234684506283984,-0.0915425477944385,-0.07584814364449201,0.9720714618000637,-0.38926069599388385,-0.2274969850338977,-0.20077146073009786,-0.20866701006889343,0.37950441241264343,-0.9013514518737793,-0.28580060601234436,0.06832253187894821,0.12749481201171875,-1.5184009075164795,0.9304429292678833,-7.43694543838501
-0.21426420062584853,-0.10495260652379386,-0.218472369356212,0.9462271769712456,-0.36786782896846226,-0.31855378954483393,-0.5135742313309487,-0.29223954677581787,0.3596266210079193,-0.8861516714096069,-0.24597616493701935,0.2334446907043457,0.20618665218353271,-1.2369298934936523,0.28124523162841797,-6.76195764541626
-0.22097900415625885,-0.1271762006624456,-0.33489056785629134,0.9071069568812601,-0.3212184933737121,-0.41058770605560413,-0.7747684577868429,-0.378732293844223,0.31572288274765015,-0.8699890375137329,-0.09743309020996094,0.513385534286499,0.18125978112220764,-0.9477221369743347,-0.5177929401397705,-5.317931175231934
-0.22843863169305365,-0.15216560311273453,-0.4098999572123563,0.8698526732935585,-0.276167684450304,-0.4890632428297046,-0.9500588636618447,-0.45199716091156006,0.2726704776287079,-0.8493229150772095,0.16871872544288635,0.5830687284469604,-0.0430450439453125,-0.6341670751571655,-0.635596752166748,-3.166826009750366
-0.23190172171962498,-0.16422074913517182,-0.43880978040970386,0.8524665574909626,-0.25397516698190703,-0.523057517146453,-1.0190806341637189,-0.4835067689418793,0.25125351548194885,-0.8385063409805298,0.23819436132907867,0.7697117328643799,-0.11438024044036865,0.046933613717556,-0.18714125454425812,-0.12698008120059967
-0.22870348193048057,-0.16287062565159696,-0.41313078455226326,0.866308836846527,-0.2647644735908253,-0.5099941922102105,-0.9593673408214975,-0.4711613059043884,0.2616818845272064,-0.8423358201980591,0.15538451075553894,0.6411888003349304,-0.04233330488204956,0.8170410394668579,0.009633660316467285,2.7878923416137695
-0.2219572064474491,-0.15637039918958484,-0.34142004532484543,0.8998421110357254,-0.29702513368452055,-0.46991036371125633,-0.7968816570833397,-0.4329785108566284,0.29267680644989014,-0.852566659450531,0.031039021909236908,0.46537140011787415,-0.031206723302602768,1.3887298107147217,-0.07840293645858765,4.782378673553467
-0.20719881853582384,-0.14576312917145806,-0.23361034920253484,0.93874813900291,-0.3266916901547091,-0.40189864616807297,-0.5549175112502607,-0.37047722935676575,0.32091134786605835,-0.871643602848053,-0.10786276310682297,0.3950096070766449,0.10005587339401245,2.061598300933838,-0.237301766872406,6.309602737426758
-0.18442637933716166,-0.1334590025433935,-0.09505886355575652,0.9690921478969652,-0.3385072137994817,-0.316668564988389,-0.2501139855442413,-0.29373079538345337,0.33207929134368896,-0.8963512778282166,-0.213872030377388,0.19305941462516785,0.12189589440822601,2.3801681995391846,-0.3664729595184326,7.237271308898926
-0.15606631567439716,-0.11952880265187309,0.057597127579090274,0.9787946333062206,-0.32497255328294755,-0.22996238340281017,0.07969380935267079,-0.21601033210754395,0.3192826509475708,-0.9227123856544495,-0.2369859367609024,0.019224487245082855,0.05610773712396622,2.4161643981933594,-0.5473629236221313,7.472196578979492
-0.12558520060263204,-0.09233765815886687,0.19562407475124607,0.9682115297961976,-0.2830785757648287,-0.1354584249470543,0.3793951636172656,-0.12966980040073395,0.2793129086494446,-0.9514042735099792,-0.21540674567222595,-0.321218341588974,-0.029062816873192787,2.1881539821624756,0.7347638010978699,5.9620361328125
-0.10741587614924938,-0.056495725651008875,0.2945807613614575,0.9478884325343292,-0.23919604811448616,-0.045117405929811484,0.5972039550559084,-0.04381801560521126,0.2369215488433838,-0.9705401659011841,-0.269182026386261,-0.6430677771568298,0.13130439817905426,0.764858067035675,0.8927340507507324,3.832078456878662
-0.11177807004946634,-0.043981351562245925,0.32330093733960125,0.9386415406118664,-0.24059188396302253,-0.010594893526556294,0.6621363674860314,-0.010289574041962624,0.238277405500412,-0.9711426496505737,-0.15133219957351685,-0.9572367668151855,0.057970620691776276,-0.6642371416091919,0.2505086064338684,-0.7237284183502197
-0.13078849816787017,-0.0551419829602556,0.2713959025436394,0.9519444044459415,-0.2826873860008732,-0.035405657700320906,0.5504181962266488,-0.03399330750107765,0.27893728017807007,-0.959707498550415,-0.14458997547626495,-0.73272705078125,0.055160753428936005,-1.4130592346191406,0.1263812780380249,-4.356479167938232
-0.15375235563482836,-0.07505604991466108,0.166616133652316,0.9710643757782311,-0.3295507309759492,-0.1000765850762301,0.32319807242318366,-0.094533272087574,0.3236178457736969,-0.9414536356925964,-0.21194759011268616,-0.3301376700401306,0.02310825325548649,-1.5765284299850464,0.28434401750564575,-5.9675421714782715
-0.1714912883090404,-0.09215732956741143,0.033946311880186104,0.9802783153660084,-0.34955013866512175,-0.1809018692537197,0.0372031620570084,-0.1690366417169571,0.3424750566482544,-0.9241955876350403,-0.27851545810699463,-0.09901698678731918,0.0030009374022483826,-1.3932232856750488,0.5617265701293945,-6.961277961730957
-0.18334398998072277,-0.1039258813928979,-0.11080288413714627,0.971240079233792,-0.3396016166468816,-0.260116353044303,-0.27202873406112155,-0.24250398576259613,0.33311137557029724,-0.9111688137054443,-0.2635684311389923,0.06081758812069893,0.06348218023777008,-1.3004488945007324,0.7263253331184387,-7.245366096496582
-0.19124367598454092,-0.11463129076394539,-0.24650628368430053,0.9431438791024016,-0.30912574531548326,-0.33203108031995143,-0.5634964394670936,-0.31051304936408997,0.3042258322238922,-0.9005711078643799,-0.12128560245037079,0.4185831844806671,0.07415637373924255,-1.1504621505737305,0.3810917139053345,-6.1107563972473145
-0.1941115244496221,-0.12426615121480793,-0.34413612039799235,0.9101918572804283,-0.2711384987689449,-0.38273320053379783,-0.7757988505974591,-0.35981354117393494,0.26782843470573425,-0.8937573432922363,0.06931120157241821,0.683127224445343,0.06574459373950958,-0.6522059440612793,0.055678367614746094,-3.848576545715332
-0.19230505363708622,-0.13164149086700708,-0.38393292049865857,0.893467893005514,-0.24499737489989695,-0.4057255182609134,-0.8623450091631192,-0.3828992545604706,0.2425536960363388,-0.89137864112854,0.29442983865737915,0.7662649154663086,-0.08310744911432266,0.26136407256126404,0.10405604541301727,-0.48121148347854614
-0.1819755433817199,-0.1283308984692777,-0.3618753167533346,0.9052417004336936,-0.23884866280762632,-0.3840545573473667,-0.8072424615232018,-0.36404576897621155,0.23658405244350433,-0.9008322358131409,0.229069322347641,0.6621741056442261,-0.03785478696227074,0.9982637166976929,0.2838260531425476,2.7445523738861084
-0.16726038033396878,-0.11854287943055306,-0.28683080359713053,0.9357883838375298,-0.24755800356591937,-0.3339809121953788,-0.6367783805656874,-0.31781286001205444,0.2450370490550995,-0.9159431457519531,0.04441165179014206,0.543917179107666,0.04937225952744484,1.4344717264175415,0.19597482681274414,5.093321800231934
-0.15146788372465123,-0.1059111405550566,-0.1697132224111452,0.9680072609180435,-0.260221892838656,-0.26861121094820645,-0.3824737766759732,-0.256457656621933,0.2572948932647705,-0.9316806793212891,-0.15332090854644775,0.3273161053657532,0.1762601137161255,1.5595605373382568,-0.1197778582572937,6.703863143920898
-0.13765620841589774,-0.09682554277196397,-0.02738807685682206,0.9853556012264295,-0.2692171854905516,-0.20724774071107502,-0.08374201899554287,-0.19835542142391205,0.26597678661346436,-0.9433512091636658,-0.18983463943004608,0.015370350331068039,0.09650467336177826,1.4200055599212646,-0.45115602016448975,7.172865867614746
-0.1223258167941426,-0.08800440345288381,0.11488254117311049,0.9818828122795726,-0.2634774598045056,-0.15045334921623207,0.21297250499167436,-0.14471380412578583,0.2604394555091858,-0.9545832872390747,-0.21235555410385132,-0.04106191173195839,0.10626426339149475,1.35030198097229,-0.6187788844108582,6.900737762451172
-0.11031535172615657,-0.07768687698631678,0.2443347753144413,0.9602583386642782,-0.2525002265574353,-0.09857129050317505,0.4857981882285419,-0.09529120475053787,0.249825581908226,-0.9635905623435974,-0.15434519946575165,-0.36189237236976624,-0.05777826905250549,0.9680703282356262,-0.09424906969070435,5.929426193237305
-0.10215859444639344,-0.06131078432062252,0.33308115320195397,0.9353404707011608,-0.23408092031511357,-0.04796469465073947,0.6785691705561109,-0.046638742089271545,0.23194897174835205,-0.9716092348098755,-0.120939239859581,-0.8414883017539978,-0.08157151192426682,0.3835291564464569,0.3531491458415985,2.7044119834899902
-0.11101489054792887,-0.059516585107880125,0.33827094412782427,0.9325804920493939,-0.2499196490014992,-0.03706142196072585,0.6912771010989134,-0.03590182214975357,0.24732601642608643,-0.9682669639587402,-0.21957707405090332,-0.9954213500022888,0.06587503850460052,-0.9708303213119507,-0.0672914981842041,-2.1935338973999023
-0.1277896356040888,-0.08123689030202601,0.2567929670364822,0.9545302566045284,-0.2897162078628006,-0.09348144024392757,0.5119599770169496,-0.08945519477128983,0.2856801748275757,-0.9541407823562622,-0.2485378384590149,-0.6609765887260437,-0.0401117242872715,-1.4270095825195312,0.040850281715393066,-5.847108364105225
-0.14081187410642726,-0.10141378023074836,0.11992105680625767,0.9775000663815563,-0.30428440259099815,-0.17327746091022428,0.21750961958010243,-0.16449132561683655,0.2996104061603546,-0.9397745728492737,-0.34210461378097534,-0.2273823767900467,0.013605117797851562,-1.2803955078125,0.4137359857559204,-7.6250410079956055
-0.14879659115055127,-0.11616955487704636,-0.03973845509683922,0.981216229247396,-0.2866812276667606,-0.2526844464497916,-0.11761538861206083,-0.23980075120925903,0.2827703654766083,-0.928728461265564,-0.33732205629348755,0.05577530339360237,0.03142606467008591,-1.304894208908081,0.6272104978561401,-8.07575798034668
-0.1543611807128864,-0.12419114376958797,-0.18880573066169695,0.9618220719805863,-0.2527215486469559,-0.31197388483271116,-0.4276225682172155,-0.29718804359436035,0.25003987550735474,-0.9214984178543091,-0.16490402817726135,0.3650555908679962,0.06648971140384674,-1.001129150390625,0.6518017649650574,-6.601162910461426
-0.15181883250412104,-0.13012038861920244,-0.300190991315624,0.932687178156799,-0.2065423992163714,-0.34811108254363654,-0.6592144439677802,-0.3338724374771118,0.2050769329071045,-0.9200394749641418,0.034836456179618835,0.6274600625038147,0.10931286215782166,-0.5108811855316162,0.10493314266204834,-4.603931903839111
-0.14535474210461174,-0.14120455464026851,-0.35683466388552315,0.9119224616269033,-0.1650799036266404,-0.3749752524281295,-0.7773539561022771,-0.36127033829689026,0.1643310785293579,-0.917866587638855,0.2518555819988251,0.6870486736297607,-0.04635507985949516,0.40907764434814453,-0.13063493371009827,-1.5528942346572876
-0.13185486719038145,-0.14687204235090398,-0.36124315535691476,0.9113431346255803,-0.13462328688271327,-0.3750070589956377,-0.780352660606663,-0.3629648983478546,0.13421694934368134,-0.9220858216285706,0.234340101480484,0.5981724858283997,-0.02825240232050419,0.8301852345466614,0.08856850862503052,0.825278103351593
-0.12128509482309148,-0.14920492728109486,-0.32247054654443164,0.9268445324193828,-0.12895356333029276,-0.365880718246419,-0.6935362770849341,-0.3548011779785156,0.12859639525413513,-0.9260556697845459,0.17039988934993744,0.45402970910072327,0.012654435820877552,0.9266771078109741,-0.09047576785087585,2.9914565086364746
-0.1155750797577012,-0.15002027947470645,-0.24844414565210368,0.9499537105241955,-0.14555201663755601,-0.35342414006783046,-0.5376432467223818,-0.3424524664878845,0.14503854513168335,-0.9282726645469666,0.08219781517982483,0.4304104745388031,0.055795129388570786,0.9664013385772705,-0.3040504455566406,4.670826435089111
-0.11223344137784289,-0.14866733126799941,-0.13956921298509947,0.9725340171747604,-0.17773723950969147,-0.3316743341856326,-0.31490040255614804,-0.32049667835235596,0.1768028289079666,-0.9306033849716187,-0.021172791719436646,0.25087401270866394,0.06548012048006058,1.2446235418319702,-0.3245158791542053,6.165223121643066
-0.10816509556428469,-0.14329937348039298,-0.008126725864887129,0.9837173345226797,-0.21206455171179506,-0.2944263496964224,-0.04808405169343028,-0.2836901545524597,0.2104785442352295,-0.9355312585830688,-0.11738371104001999,-0.012897375971078873,0.0036952514201402664,1.0186539888381958,-0.22919350862503052,6.5795722007751465
-0.11136350720541334,-0.12992614505522868,0.1150682398016908,0.9785074388280925,-0.25045086837295577,-0.23824921584388764,0.20398396166892782,-0.22863857448101044,0.24784067273139954,-0.9414347410202026,-0.1682567596435547,-0.3249509930610657,0.029525063931941986,0.406307578086853,0.0025684237480163574,5.558404445648193
-0.12230812716592428,-0.11621130399575769,0.2044397836062592,0.9642304351702355,-0.2873197469939536,-0.18255389113345527,0.3913799256417705,-0.1740996539592743,0.28338274359703064,-0.9430713057518005,-0.051850005984306335,-0.6723341941833496,-0.1617022454738617,-0.277444988489151,0.6434795260429382,3.2974586486816406
-0.1385284234669946,-0.1032626452643186,0.2388492271631352,0.9555616327416891,-0.319480403791696,-0.13860750174211314,0.46751000538847687,-0.13117283582687378,0.3140731751918793,-0.9402934312820435,-0.045520514249801636,-0.5535016059875488,-0.008363746106624603,-0.802314817905426,0.3552004098892212,0.6793156862258911
-0.16131145900645702,-0.10282040305437916,0.2268280163348661,0.954963805499166,-0.3626341551144989,-0.13215346047677481,0.4421456286409263,-0.12319961935281754,0.35473817586898804,-0.9268131852149963,0.05072515457868576,-0.45878100395202637,-0.05108761042356491,-1.3841509819030762,0.5078560709953308,-1.3794575929641724
-0.1873338884232082,-0.10634908778141536,0.18185239868247394,0.9594403884280396,-0.40950038482160067,-0.14873709920195388,0.3436947468892412,-0.13593699038028717,0.3981509506702423,-0.907191812992096,0.06543665379285812,-0.28821077942848206,-0.039591364562511444,-1.5059868097305298,0.6549107432365417,-2.651669502258301
-0.21141756935761694,-0.1129655229819002,0.12125054563491452,0.9632444324019528,-0.4496916446888914,-0.18578974435161535,0.20782856440970207,-0.16635781526565552,0.4346877336502075,-0.8850828409194946,0.1277593970298767,0.005079276859760284,0.02917625941336155,-1.3989315032958984,0.2810053825378418,-2.8126277923583984
-0.23008294983685518,-0.12089517764673455,0.06568994096116765,0.9633956805481032,-0.47710009248198976,-0.23022217440661855,0.07994164328935145,-0.20271149277687073,0.45920491218566895,-0.8648924231529236,0.18561121821403503,0.07775266468524933,0.03577236086130142,-1.0512769222259521,0.3266569972038269,-2.455259323120117
-0.24366777879909354,-0.1299889059218236,0.025691364224128304,0.9607648820985988,-0.4948436634481691,-0.27297484080312234,-0.015887954398975456,-0.2372571974992752,0.4748939275741577,-0.8474578261375427,0.23920303583145142,0.24469980597496033,0.015682807192206383,-0.7240925431251526,-0.10407441854476929,-1.2937488555908203
-0.25275596694862834,-0.1375083349467511,0.014396067591076298,0.9576005595628794,-0.509840077702589,-0.2977725381731733,-0.04807035999800101,-0.25607869029045105,0.4880375266075134,-0.8344117999076843,0.24620908498764038,0.25446537137031555,-0.016728656366467476,-0.2765239477157593,-0.28384366631507874,0.16083158552646637
-0.258436437081937,-0.1397412038555083,0.029093115805495336,0.9554249075008161,-0.5258683643162988,-0.29563990106892374,-0.019235878990879994,-0.2519869804382324,0.5019640922546387,-0.827366054058075,0.19793249666690826,0.13381430506706238,-0.01823284849524498,-0.0695696622133255,-0.27819547057151794,1.1568984985351562
-0.2643731247289197,-0.13966871708906095,0.060297503062100084,0.9523465188055695,-0.5473111127069614,-0.27775430042057014,0.04803068167645938,-0.234143927693367,0.5203928351402283,-0.8211990594863892,0.15994876623153687,0.06367172300815582,-0.025421142578125,-0.0487193763256073,-0.46981489658355713,1.8395057916641235
-0.2713096527122969,-0.13751642594962413,0.09996970370770467,0.9473576660395387,-0.5722792063056513,-0.24794313773573112,0.1369800221310045,-0.206308975815773,0.5415493845939636,-0.8149606585502625,0.132659912109375,-0.06465446949005127,-0.07222089916467667,-0.08399009704589844,-0.35967859625816345,2.0093610286712646
-0.2783490733282379,-0.13239899499137686,0.13756634861515585,0.9413118479877458,-0.5949337081886474,-0.21003832907400452,0.22562668599812288,-0.17267455160617828,0.5604537129402161,-0.8099846839904785,0.09960243105888367,-0.10574699193239212,-0.07341665774583817,-0.09813922643661499,-0.20664477348327637,1.821492314338684
-0.28494635560906834,-0.126051616057026,0.16908700921553496,0.9350541548075934,-0.6132251071931103,-0.17125574859813797,0.30345752421140215,-0.13936872780323029,0.5755077600479126,-0.8058332204818726,0.10424333810806274,-0.20506536960601807,-0.12475927174091339,-0.11383780092000961,-0.0020115599036216736,1.3866677284240723
-0.29025610717781547,-0.11856146412862596,0.18554389422735362,0.9312723690467994,-0.6244013642844431,-0.13987845405722085,0.3481110369372577,-0.11311554163694382,0.5846115350723267,-0.8033891916275024,0.08121965825557709,-0.24131149053573608,-0.07780738919973373,-0.11597815901041031,0.1904018074274063,0.491312712430954
-0.29486884417800174,-0.11466257326614243,0.18521418209826418,0.9303766577028579,-0.6324869387010846,-0.12946645549119806,0.35059326400937735,-0.10413098335266113,0.5911523103713989,-0.7998098134994507,0.11489230394363403,-0.21587775647640228,-0.08746397495269775,-0.2325792908668518,0.2831299901008606,-0.30922776460647583
-0.2994615819035341,-0.11361967462801753,0.16932175177846592,0.9320641827579821,-0.6393966570787017,-0.1380039836528102,0.31365548380539615,-0.11039094626903534,0.596711277961731,-0.7948267459869385,0.11220315843820572,-0.20377075672149658,-0.05991664528846741,-0.2881697118282318,0.37950950860977173,-1.0795910358428955
-0.30350184513566814,-0.1169714256855052,0.14254822408359463,0.9348179156456832,-0.6444840494269932,-0.16609289941392003,0.2470755536020598,-0.13216666877269745,0.6007859110832214,-0.7884086966514587,0.13380436599254608,-0.10146909952163696,-0.04460863023996353,-0.34638598561286926,0.24544335901737213,-1.4219837188720703
-0.3072489022401944,-0.12210988664437782,0.1145165400173741,0.9367889086309736,-0.648036250964302,-0.20002427153399174,0.17590195904390624,-0.15841220319271088,0.603621780872345,-0.7813746333122253,0.1719929575920105,0.007382795214653015,-0.03904196619987488,-0.3080084025859833,0.17912150919437408,-1.2230538129806519
-0.3097901826585777,-0.12606107499434963,0.09460339154173193,0.9376508012635556,-0.6495167611353366,-0.22514367566422136,0.125021431280421,-0.1777881234884262,0.6048014760017395,-0.7762773633003235,0.20129600167274475,0.03590298816561699,-0.03556061536073685,-0.18816235661506653,0.10222131758928299,-0.7323505282402039
-0.3116041495188292,-0.129131751312159,0.08541840677737071,0.9375135509194432,-0.6514331386528868,-0.23982809424560209,0.10037504826612335,-0.18889205157756805,0.6063265204429626,-0.7724557518959045,0.1901978701353073,0.05162561684846878,-0.018628036603331566,-0.1294037252664566,-0.10940077900886536,-0.17427566647529602
-0.3134474563938137,-0.1317067261864196,0.08664563589062474,0.936427684083225,-0.65589071014485,-0.2451597457966787,0.10074821089950971,-0.19234992563724518,0.6098652482032776,-0.768808126449585,0.19285820424556732,-0.007379461079835892,-0.05592784285545349,-0.07553806155920029,-0.12729527056217194,0.20048242807388306
-0.3151565601912574,-0.13274234584240316,0.09307197873841687,0.9350901717176725,-0.6612562422714483,-0.24259360416543962,0.11478520396370157,-0.18958762288093567,0.6141086220741272,-0.7661117315292358,0.1703113466501236,-0.04335424304008484,-0.05301541090011597,-0.04824981838464737,-0.17521320283412933,0.3797861635684967
-0.3181428493097889,-0.12508918749916959,0.1044949133521461,0.9339265453768947,-0.6692353700006196,-0.21478076064601467,0.14791765522927092,-0.16715958714485168,0.6203863024711609,-0.7662757039070129,0.14154092967510223,-0.07731738686561584,-0.07638217508792877,0.042922213673591614,-0.12832719087600708,0.3601866662502289
-0.3175690804653654,-0.1175037253564318,0.11366565729730047,0.9340358765959329,-0.6686842102454295,-0.1888659590137463,0.17641429349043242,-0.1473119854927063,0.6199539303779602,-0.770685613155365,0.12139607965946198,-0.08629405498504639,-0.06914129853248596,0.07831361889839172,-0.06390287727117538,0.2511325478553772
-0.3150965845319862,-0.11119420900923918,0.11916397043661206,0.9349599724020112,-0.6632817145878249,-0.1693772346735508,0.19509039848004758,-0.13282793760299683,0.6157059073448181,-0.7767000794410706,0.11307857930660248,-0.09648572653532028,-0.06000414490699768,0.04795151948928833,0.004272129386663437,0.09392186999320984
-0.31259222564324085,-0.10628945347957766,0.12076742462149828,0.9361645629597047,-0.6572576774147377,-0.15664782036429267,0.20307506967805788,-0.12350691854953766,0.6109479665756226,-0.7819773554801941,0.1024739071726799,-0.08755315095186234,-0.04748236760497093,0.01292451098561287,0.018476713448762894,-0.06072673201560974
-0.31032095886231925,-0.1025078175236325,0.1197230270309858,0.9374752000079296,-0.6515020727743048,-0.14880790179062103,0.20369358379784216,-0.11789193749427795,0.606381356716156,-0.7863861918449402,0.1009432002902031,-0.07450027763843536,-0.036612674593925476,-0.01554364338517189,0.024885457009077072,-0.1606951355934143
-0.30873594438621565,-0.10002820989359042,0.11726607306345736,0.9385761970183746,-0.6472617308420092,-0.1451172932524241,0.1998408964439708,-0.11535968631505966,0.6030040979385376,-0.7893530130386353,0.09240848571062088,-0.05537860095500946,-0.0334906131029129,-0.03466241434216499,0.0036757756024599075,-0.17775045335292816
-0.3076232036647789,-0.09829067452100967,0.1149821800662013,0.9394073926564018,-0.644214268857563,-0.14297232279013344,0.19579931316133053,-0.11392759531736374,0.6005702018737793,-0.7914139032363892,0.08535633981227875,-0.04706546664237976,-0.036482490599155426,-0.03401414304971695,-0.019833024591207504,-0.15662305057048798
-0.30663828396342974,-0.09649951501149269,0.11339039678705777,0.9401083357619606,-0.6415408612879688,-0.14012846335182919,0.19344396209899908,-0.11190032213926315,0.5984305143356323,-0.7933216691017151,0.07678151875734329,-0.03897405415773392,-0.043195221573114395,-0.02025757171213627,-0.0009585302323102951,-0.11365415900945663
-0.30563653273075575,-0.09421382272392445,0.11236651187862888,0.9407890322024898,-0.6388242353175896,-0.13567293073473963,0.19281748391665385,-0.10858403891324997,0.5962517857551575,-0.795420229434967,0.07144330441951752,-0.03929503262042999,-0.043298304080963135,-0.0010201875120401382,0.02770286425948143,-0.07043569535017014
-0.304382053924078,-0.09170667037056225,0.11171000146714513,0.9415213028465196,-0.6355913385058944,-0.1304552383069194,0.19322570366448433,-0.10468252748250961,0.5936533212661743,-0.7978829741477966,0.06529698520898819,-0.04074043035507202,-0.03505823388695717,0.022614039480686188,0.03269879147410393,-0.0516989640891552
-0.30276351336501306,-0.08934496899504744,0.1113220522763306,0.942315912413434,-0.6316657147071487,-0.12544426045636428,0.1941436913962159,-0.10097385942935944,0.5904897451400757,-0.8007035255432129,0.06446123123168945,-0.04704642295837402,-0.036903493106365204,0.04114891588687897,0.04235097020864487,-0.042430341243743896
